solid OpenSCAD_Model
  facet normal 1 -0 0
    outer loop
      vertex 5800 -5 0
      vertex 5800 0 -5
      vertex 5800 0 0
    endloop
  endfacet
  facet normal 1 0 0
    outer loop
      vertex 5800 0 -5
      vertex 5800 -5 0
      vertex 5800 -5 -5
    endloop
  endfacet
  facet normal -0 0 1
    outer loop
      vertex 5 5 5
      vertex 5795 -5 5
      vertex 5795 5 5
    endloop
  endfacet
  facet normal 0 0 1
    outer loop
      vertex 5795 -5 5
      vertex 5 5 5
      vertex 5 -5 5
    endloop
  endfacet
  facet normal -0 0 1
    outer loop
      vertex -5 4795 5
      vertex 5 5 5
      vertex 5 4795 5
    endloop
  endfacet
  facet normal 0 0 1
    outer loop
      vertex 5 5 5
      vertex -5 4795 5
      vertex -5 5 5
    endloop
  endfacet
  facet normal -0 0 1
    outer loop
      vertex 5795 50 5
      vertex 5805 5 5
      vertex 5805 50 5
    endloop
  endfacet
  facet normal 0 0 1
    outer loop
      vertex 5805 5 5
      vertex 5795 50 5
      vertex 5795 5 5
    endloop
  endfacet
  facet normal -0 0 1
    outer loop
      vertex 5 4805 5
      vertex 100 4795 5
      vertex 100 4805 5
    endloop
  endfacet
  facet normal 0 0 1
    outer loop
      vertex 100 4795 5
      vertex 5 4805 5
      vertex 5 4795 5
    endloop
  endfacet
  facet normal -0 0 1
    outer loop
      vertex 5795 4795 5
      vertex 5800 3750 5
      vertex 5800 4795 5
    endloop
  endfacet
  facet normal 0 0 1
    outer loop
      vertex 5800 3750 5
      vertex 5795 4795 5
      vertex 5800 1250 5
    endloop
  endfacet
  facet normal 0 0 1
    outer loop
      vertex 5795 150 5
      vertex 5800 1250 5
      vertex 5795 4795 5
    endloop
  endfacet
  facet normal 0 0 1
    outer loop
      vertex 5800 1250 5
      vertex 5795 150 5
      vertex 5800 150 5
    endloop
  endfacet
  facet normal -0 0 1
    outer loop
      vertex 5800 3750 5
      vertex 5805 1250 5
      vertex 5805 3750 5
    endloop
  endfacet
  facet normal 0 0 1
    outer loop
      vertex 5805 1250 5
      vertex 5800 3750 5
      vertex 5800 1250 5
    endloop
  endfacet
  facet normal -0 0 1
    outer loop
      vertex 200 4805 5
      vertex 5795 4795 5
      vertex 5795 4805 5
    endloop
  endfacet
  facet normal 0 0 1
    outer loop
      vertex 5795 4795 5
      vertex 200 4805 5
      vertex 200 4795 5
    endloop
  endfacet
  facet normal 0 0 -1
    outer loop
      vertex 5800 -5 -5
      vertex 5795 5 -5
      vertex 5800 0 -5
    endloop
  endfacet
  facet normal 0 0 -1
    outer loop
      vertex 5800 -5 -5
      vertex 5 5 -5
      vertex 5795 5 -5
    endloop
  endfacet
  facet normal 0 0 -1
    outer loop
      vertex 0 0 -5
      vertex 5 5 -5
      vertex 0 -5 -5
    endloop
  endfacet
  facet normal 0 0 -1
    outer loop
      vertex 0 -5 -5
      vertex 5 5 -5
      vertex 5800 -5 -5
    endloop
  endfacet
  facet normal 0 0 -1
    outer loop
      vertex 5795 5 -5
      vertex 5805 0 -5
      vertex 5800 0 -5
    endloop
  endfacet
  facet normal 0 0 -1
    outer loop
      vertex 5805 0 -5
      vertex 5795 5 -5
      vertex 5805 50 -5
    endloop
  endfacet
  facet normal -0 0 -1
    outer loop
      vertex 5805 50 -5
      vertex 5795 5 -5
      vertex 5795 50 -5
    endloop
  endfacet
  facet normal 0 0 -1
    outer loop
      vertex 5 4795 -5
      vertex 100 4805 -5
      vertex 100 4795 -5
    endloop
  endfacet
  facet normal 0 0 -1
    outer loop
      vertex -5 0 -5
      vertex 5 5 -5
      vertex 0 0 -5
    endloop
  endfacet
  facet normal -0 0 -1
    outer loop
      vertex 5 5 -5
      vertex -5 0 -5
      vertex 5 4795 -5
    endloop
  endfacet
  facet normal 0 0 -1
    outer loop
      vertex 0 4805 -5
      vertex 5 4795 -5
      vertex 0 4800 -5
    endloop
  endfacet
  facet normal 0 0 -1
    outer loop
      vertex 5 4795 -5
      vertex 0 4805 -5
      vertex 100 4805 -5
    endloop
  endfacet
  facet normal 0 0 -1
    outer loop
      vertex -5 4800 -5
      vertex 5 4795 -5
      vertex -5 0 -5
    endloop
  endfacet
  facet normal 0 0 -1
    outer loop
      vertex 5 4795 -5
      vertex -5 4800 -5
      vertex 0 4800 -5
    endloop
  endfacet
  facet normal 0 0 -1
    outer loop
      vertex 5795 150 -5
      vertex 5800 1250 -5
      vertex 5800 150 -5
    endloop
  endfacet
  facet normal -0 0 -1
    outer loop
      vertex 5800 1250 -5
      vertex 5795 150 -5
      vertex 5800 3750 -5
    endloop
  endfacet
  facet normal -0 0 -1
    outer loop
      vertex 5800 3750 -5
      vertex 5795 150 -5
      vertex 5795 4795 -5
    endloop
  endfacet
  facet normal 0 0 -1
    outer loop
      vertex 5800 3750 -5
      vertex 5795 4795 -5
      vertex 5800 4805 -5
    endloop
  endfacet
  facet normal 0 0 -1
    outer loop
      vertex 200 4805 -5
      vertex 5795 4795 -5
      vertex 200 4795 -5
    endloop
  endfacet
  facet normal 0 0 -1
    outer loop
      vertex 5795 4795 -5
      vertex 200 4805 -5
      vertex 5800 4805 -5
    endloop
  endfacet
  facet normal 0 0 -1
    outer loop
      vertex 5800 1250 -5
      vertex 5805 3750 -5
      vertex 5805 1250 -5
    endloop
  endfacet
  facet normal -0 0 -1
    outer loop
      vertex 5805 3750 -5
      vertex 5800 1250 -5
      vertex 5800 3750 -5
    endloop
  endfacet
  facet normal -1 0 0
    outer loop
      vertex 0 -5 -5
      vertex 0 0 0
      vertex 0 0 -5
    endloop
  endfacet
  facet normal -1 -0 0
    outer loop
      vertex 0 0 0
      vertex 0 -5 -5
      vertex 0 -5 0
    endloop
  endfacet
  facet normal 0 1 -0
    outer loop
      vertex 5795 5 -5
      vertex 5 5 5
      vertex 5795 5 5
    endloop
  endfacet
  facet normal 0 1 0
    outer loop
      vertex 5 5 5
      vertex 5795 5 -5
      vertex 5 5 -5
    endloop
  endfacet
  facet normal 0 -1 0
    outer loop
      vertex 5800 -5 -5
      vertex 5795 -5 5
      vertex 0 -5 -5
    endloop
  endfacet
  facet normal 0 -1 0
    outer loop
      vertex 5795 -5 5
      vertex 5800 -5 -5
      vertex 5800 -5 0
    endloop
  endfacet
  facet normal 0 -1 0
    outer loop
      vertex 5 -5 2395
      vertex 0 -5 2400
      vertex -5 -5 2400
    endloop
  endfacet
  facet normal 0 -1 0
    outer loop
      vertex 0 -5 2400
      vertex 5 -5 2395
      vertex 5800 -5 2400
    endloop
  endfacet
  facet normal 0 -1 0
    outer loop
      vertex 5795 -5 2395
      vertex 5800 -5 2400
      vertex 5 -5 2395
    endloop
  endfacet
  facet normal 0 -1 0
    outer loop
      vertex -5 -5 2400
      vertex 5 -5 5
      vertex 5 -5 2395
    endloop
  endfacet
  facet normal 0 -1 0
    outer loop
      vertex 0 -5 0
      vertex 5 -5 5
      vertex -5 -5 0
    endloop
  endfacet
  facet normal 0 -1 0
    outer loop
      vertex -5 -5 0
      vertex 5 -5 5
      vertex -5 -5 2400
    endloop
  endfacet
  facet normal 0 -1 0
    outer loop
      vertex 0 -5 2400
      vertex 5800 -5 2405
      vertex 0 -5 2405
    endloop
  endfacet
  facet normal 0 -1 -0
    outer loop
      vertex 5800 -5 2405
      vertex 0 -5 2400
      vertex 5800 -5 2400
    endloop
  endfacet
  facet normal 0 -1 -0
    outer loop
      vertex 5800 -5 2400
      vertex 5795 -5 2395
      vertex 5805 -5 2400
    endloop
  endfacet
  facet normal 0 -1 0
    outer loop
      vertex 5795 -5 5
      vertex 5805 -5 2400
      vertex 5795 -5 2395
    endloop
  endfacet
  facet normal 0 -1 0
    outer loop
      vertex 0 -5 -5
      vertex 5 -5 5
      vertex 0 -5 0
    endloop
  endfacet
  facet normal 0 -1 -0
    outer loop
      vertex 5 -5 5
      vertex 0 -5 -5
      vertex 5795 -5 5
    endloop
  endfacet
  facet normal 0 -1 0
    outer loop
      vertex 5805 -5 0
      vertex 5795 -5 5
      vertex 5800 -5 0
    endloop
  endfacet
  facet normal 0 -1 0
    outer loop
      vertex 5795 -5 5
      vertex 5805 -5 0
      vertex 5805 -5 2400
    endloop
  endfacet
  facet normal 1 -0 0
    outer loop
      vertex 5800 -5 2405
      vertex 5800 0 2400
      vertex 5800 0 2405
    endloop
  endfacet
  facet normal 1 0 0
    outer loop
      vertex 5800 0 2400
      vertex 5800 -5 2405
      vertex 5800 -5 2400
    endloop
  endfacet
  facet normal 0 0 1
    outer loop
      vertex 5795 4795 2405
      vertex 5800 4800 2405
      vertex 5800 4805 2405
    endloop
  endfacet
  facet normal 0 0 1
    outer loop
      vertex 5800 4800 2405
      vertex 5795 4795 2405
      vertex 5800 4375 2405
    endloop
  endfacet
  facet normal 0 0 1
    outer loop
      vertex 5800 4375 2405
      vertex 5795 4795 2405
      vertex 5800 4325 2405
    endloop
  endfacet
  facet normal 0 0 1
    outer loop
      vertex 5800 4325 2405
      vertex 5795 4795 2405
      vertex 5800 3775 2405
    endloop
  endfacet
  facet normal 0 0 1
    outer loop
      vertex 5800 3775 2405
      vertex 5795 4795 2405
      vertex 5800 3725 2405
    endloop
  endfacet
  facet normal 0 0 1
    outer loop
      vertex 5800 3725 2405
      vertex 5795 4795 2405
      vertex 5800 1275 2405
    endloop
  endfacet
  facet normal 0 0 1
    outer loop
      vertex 5800 1275 2405
      vertex 5795 4795 2405
      vertex 5800 1225 2405
    endloop
  endfacet
  facet normal 0 0 1
    outer loop
      vertex 5800 1225 2405
      vertex 5795 4795 2405
      vertex 5800 675 2405
    endloop
  endfacet
  facet normal 0 0 1
    outer loop
      vertex 5800 675 2405
      vertex 5795 4795 2405
      vertex 5800 625 2405
    endloop
  endfacet
  facet normal 0 0 1
    outer loop
      vertex 5800 4805 2405
      vertex 5 4795 2405
      vertex 5795 4795 2405
    endloop
  endfacet
  facet normal -0 0 1
    outer loop
      vertex 0 4800 2405
      vertex 5 4795 2405
      vertex 0 4805 2405
    endloop
  endfacet
  facet normal -0 0 1
    outer loop
      vertex 0 4805 2405
      vertex 5 4795 2405
      vertex 5800 4805 2405
    endloop
  endfacet
  facet normal -0 0 1
    outer loop
      vertex 5800 4800 2405
      vertex 5805 4375 2405
      vertex 5805 4800 2405
    endloop
  endfacet
  facet normal 0 0 1
    outer loop
      vertex 5805 4375 2405
      vertex 5800 4800 2405
      vertex 5800 4375 2405
    endloop
  endfacet
  facet normal -0 0 1
    outer loop
      vertex 5800 4325 2405
      vertex 5805 3775 2405
      vertex 5805 4325 2405
    endloop
  endfacet
  facet normal 0 0 1
    outer loop
      vertex 5805 3775 2405
      vertex 5800 4325 2405
      vertex 5800 3775 2405
    endloop
  endfacet
  facet normal -0 0 1
    outer loop
      vertex 5800 3725 2405
      vertex 5805 1275 2405
      vertex 5805 3725 2405
    endloop
  endfacet
  facet normal 0 0 1
    outer loop
      vertex 5805 1275 2405
      vertex 5800 3725 2405
      vertex 5800 1275 2405
    endloop
  endfacet
  facet normal -0 0 1
    outer loop
      vertex 5800 1225 2405
      vertex 5805 675 2405
      vertex 5805 1225 2405
    endloop
  endfacet
  facet normal 0 0 1
    outer loop
      vertex 5805 675 2405
      vertex 5800 1225 2405
      vertex 5800 675 2405
    endloop
  endfacet
  facet normal -0 0 1
    outer loop
      vertex 5800 625 2405
      vertex 5805 150 2405
      vertex 5805 625 2405
    endloop
  endfacet
  facet normal 0 0 1
    outer loop
      vertex 5800 625 2405
      vertex 5795 150 2405
      vertex 5805 150 2405
    endloop
  endfacet
  facet normal 0 0 1
    outer loop
      vertex 5795 150 2405
      vertex 5800 625 2405
      vertex 5795 4795 2405
    endloop
  endfacet
  facet normal -0 0 1
    outer loop
      vertex 5795 5 2405
      vertex 5805 0 2405
      vertex 5805 50 2405
    endloop
  endfacet
  facet normal 0 0 1
    outer loop
      vertex 5795 5 2405
      vertex 5805 50 2405
      vertex 5795 50 2405
    endloop
  endfacet
  facet normal 0 0 1
    outer loop
      vertex 5805 0 2405
      vertex 5795 5 2405
      vertex 5800 0 2405
    endloop
  endfacet
  facet normal 0 0 1
    outer loop
      vertex 5800 0 2405
      vertex 5795 5 2405
      vertex 5800 -5 2405
    endloop
  endfacet
  facet normal -0 0 1
    outer loop
      vertex 5 5 2405
      vertex 5800 -5 2405
      vertex 5795 5 2405
    endloop
  endfacet
  facet normal -0 0 1
    outer loop
      vertex -5 4800 2405
      vertex 5 4795 2405
      vertex 0 4800 2405
    endloop
  endfacet
  facet normal 0 0 1
    outer loop
      vertex 5 4795 2405
      vertex -5 4800 2405
      vertex 5 5 2405
    endloop
  endfacet
  facet normal 0 0 1
    outer loop
      vertex 0 -5 2405
      vertex 5 5 2405
      vertex 0 0 2405
    endloop
  endfacet
  facet normal 0 0 1
    outer loop
      vertex 5 5 2405
      vertex 0 -5 2405
      vertex 5800 -5 2405
    endloop
  endfacet
  facet normal 0 0 1
    outer loop
      vertex -5 0 2405
      vertex 5 5 2405
      vertex -5 4800 2405
    endloop
  endfacet
  facet normal 0 0 1
    outer loop
      vertex 5 5 2405
      vertex -5 0 2405
      vertex 0 0 2405
    endloop
  endfacet
  facet normal 0 0 -1
    outer loop
      vertex 5 -5 2395
      vertex 5795 5 2395
      vertex 5795 -5 2395
    endloop
  endfacet
  facet normal -0 0 -1
    outer loop
      vertex 5795 5 2395
      vertex 5 -5 2395
      vertex 5 5 2395
    endloop
  endfacet
  facet normal 0 0 -1
    outer loop
      vertex -5 5 2395
      vertex 5 4795 2395
      vertex 5 5 2395
    endloop
  endfacet
  facet normal -0 0 -1
    outer loop
      vertex 5 4795 2395
      vertex -5 5 2395
      vertex -5 4795 2395
    endloop
  endfacet
  facet normal 0 0 -1
    outer loop
      vertex 5795 5 2395
      vertex 5805 50 2395
      vertex 5805 5 2395
    endloop
  endfacet
  facet normal -0 0 -1
    outer loop
      vertex 5805 50 2395
      vertex 5795 5 2395
      vertex 5795 50 2395
    endloop
  endfacet
  facet normal 0 0 -1
    outer loop
      vertex 5 4795 2395
      vertex 5795 4805 2395
      vertex 5795 4795 2395
    endloop
  endfacet
  facet normal -0 0 -1
    outer loop
      vertex 5795 4805 2395
      vertex 5 4795 2395
      vertex 5 4805 2395
    endloop
  endfacet
  facet normal 0 0 -1
    outer loop
      vertex 5805 150 2395
      vertex 5800 625 2395
      vertex 5805 625 2395
    endloop
  endfacet
  facet normal 0 0 0
    outer loop
      vertex 5800 625 2395
      vertex 5800 1225 2395
      vertex 5800 675 2395
    endloop
  endfacet
  facet normal 0 0 0
    outer loop
      vertex 5800 625 2395
      vertex 5800 1275 2395
      vertex 5800 1225 2395
    endloop
  endfacet
  facet normal 0 0 0
    outer loop
      vertex 5800 625 2395
      vertex 5800 3725 2395
      vertex 5800 1275 2395
    endloop
  endfacet
  facet normal 0 0 0
    outer loop
      vertex 5800 625 2395
      vertex 5800 3775 2395
      vertex 5800 3725 2395
    endloop
  endfacet
  facet normal 0 0 0
    outer loop
      vertex 5800 625 2395
      vertex 5800 4325 2395
      vertex 5800 3775 2395
    endloop
  endfacet
  facet normal 0 0 0
    outer loop
      vertex 5800 625 2395
      vertex 5800 4375 2395
      vertex 5800 4325 2395
    endloop
  endfacet
  facet normal -0 0 -1
    outer loop
      vertex 5800 625 2395
      vertex 5795 150 2395
      vertex 5800 4375 2395
    endloop
  endfacet
  facet normal 0 0 -1
    outer loop
      vertex 5795 150 2395
      vertex 5800 625 2395
      vertex 5805 150 2395
    endloop
  endfacet
  facet normal 0 0 -1
    outer loop
      vertex 5800 675 2395
      vertex 5805 1225 2395
      vertex 5805 675 2395
    endloop
  endfacet
  facet normal -0 0 -1
    outer loop
      vertex 5805 1225 2395
      vertex 5800 675 2395
      vertex 5800 1225 2395
    endloop
  endfacet
  facet normal 0 0 -1
    outer loop
      vertex 5800 1275 2395
      vertex 5805 3725 2395
      vertex 5805 1275 2395
    endloop
  endfacet
  facet normal -0 0 -1
    outer loop
      vertex 5805 3725 2395
      vertex 5800 1275 2395
      vertex 5800 3725 2395
    endloop
  endfacet
  facet normal 0 0 -1
    outer loop
      vertex 5800 3775 2395
      vertex 5805 4325 2395
      vertex 5805 3775 2395
    endloop
  endfacet
  facet normal -0 0 -1
    outer loop
      vertex 5805 4325 2395
      vertex 5800 3775 2395
      vertex 5800 4325 2395
    endloop
  endfacet
  facet normal 0 0 -1
    outer loop
      vertex 5800 4375 2395
      vertex 5805 4795 2395
      vertex 5805 4375 2395
    endloop
  endfacet
  facet normal 0 0 -1
    outer loop
      vertex 5800 4375 2395
      vertex 5795 4795 2395
      vertex 5805 4795 2395
    endloop
  endfacet
  facet normal 0 0 -1
    outer loop
      vertex 5795 4795 2395
      vertex 5800 4375 2395
      vertex 5795 150 2395
    endloop
  endfacet
  facet normal -1 0 0
    outer loop
      vertex 0 -5 2400
      vertex 0 0 2405
      vertex 0 0 2400
    endloop
  endfacet
  facet normal -1 -0 0
    outer loop
      vertex 0 0 2405
      vertex 0 -5 2400
      vertex 0 -5 2405
    endloop
  endfacet
  facet normal 0 1 -0
    outer loop
      vertex 5795 5 2395
      vertex 5 5 2405
      vertex 5795 5 2405
    endloop
  endfacet
  facet normal 0 1 0
    outer loop
      vertex 5 5 2405
      vertex 5795 5 2395
      vertex 5 5 2395
    endloop
  endfacet
  facet normal -1 0 0
    outer loop
      vertex 5800 4850 -25
      vertex 5800 4805 -5
      vertex 5800 4850 25
    endloop
  endfacet
  facet normal -1 0 0
    outer loop
      vertex 5800 3750 -25
      vertex 5800 4805 -5
      vertex 5800 4850 -25
    endloop
  endfacet
  facet normal -1 -0 0
    outer loop
      vertex 5800 4805 -5
      vertex 5800 3750 -25
      vertex 5800 3750 -5
    endloop
  endfacet
  facet normal -1 -0 0
    outer loop
      vertex 5800 4850 25
      vertex 5800 4805 -5
      vertex 5800 4805 25
    endloop
  endfacet
  facet normal -1 0 0
    outer loop
      vertex 5800 4795 5
      vertex 5800 4375 25
      vertex 5800 4795 25
    endloop
  endfacet
  facet normal -1 0 0
    outer loop
      vertex 5800 4375 25
      vertex 5800 4325 25
      vertex 5800 4375 2395
    endloop
  endfacet
  facet normal -1 0 0
    outer loop
      vertex 5800 4795 5
      vertex 5800 4325 25
      vertex 5800 4375 25
    endloop
  endfacet
  facet normal -1 0 0
    outer loop
      vertex 5800 3750 5
      vertex 5800 4325 25
      vertex 5800 4795 5
    endloop
  endfacet
  facet normal -1 -0 0
    outer loop
      vertex 5800 4325 25
      vertex 5800 3750 5
      vertex 5800 3775 25
    endloop
  endfacet
  facet normal -1 0 0
    outer loop
      vertex 5800 3750 25
      vertex 5800 3775 25
      vertex 5800 3750 5
    endloop
  endfacet
  facet normal -1 0 0
    outer loop
      vertex 5800 3775 25
      vertex 5800 3750 25
      vertex 5800 3775 2395
    endloop
  endfacet
  facet normal -1 0 0
    outer loop
      vertex 5800 3725 2395
      vertex 5800 3750 25
      vertex 5800 3725 25
    endloop
  endfacet
  facet normal -1 0 0
    outer loop
      vertex 5800 3750 25
      vertex 5800 3725 2395
      vertex 5800 3775 2395
    endloop
  endfacet
  facet normal -1 -0 0
    outer loop
      vertex 5800 4375 2395
      vertex 5800 4325 25
      vertex 5800 4325 2395
    endloop
  endfacet
  facet normal -1 0 0
    outer loop
      vertex 5800 3725 2405
      vertex 5800 3775 3175
      vertex 5800 3775 2405
    endloop
  endfacet
  facet normal -1 -0 0
    outer loop
      vertex 5800 3775 3175
      vertex 5800 3725 2405
      vertex 5800 3725 3175
    endloop
  endfacet
  facet normal -1 0 0
    outer loop
      vertex 5800 4325 2405
      vertex 5800 4375 2775
      vertex 5800 4375 2405
    endloop
  endfacet
  facet normal -1 -0 0
    outer loop
      vertex 5800 4375 2775
      vertex 5800 4325 2405
      vertex 5800 4325 2775
    endloop
  endfacet
  facet normal -1 0 0
    outer loop
      vertex 0 4800 -5
      vertex 0 4805 0
      vertex 0 4805 -5
    endloop
  endfacet
  facet normal -1 -0 0
    outer loop
      vertex 0 4805 0
      vertex 0 4800 -5
      vertex 0 4800 0
    endloop
  endfacet
  facet normal 0 1 -0
    outer loop
      vertex 100 4805 -5
      vertex 5 4805 5
      vertex 100 4805 5
    endloop
  endfacet
  facet normal 0 1 0
    outer loop
      vertex 0 4805 -5
      vertex 5 4805 5
      vertex 100 4805 -5
    endloop
  endfacet
  facet normal 0 1 0
    outer loop
      vertex 5 4805 5
      vertex 0 4805 -5
      vertex 0 4805 0
    endloop
  endfacet
  facet normal 0 1 0
    outer loop
      vertex 5795 4805 2395
      vertex 5800 4805 2400
      vertex 5805 4805 2400
    endloop
  endfacet
  facet normal 0 1 0
    outer loop
      vertex 5800 4805 2400
      vertex 5795 4805 2395
      vertex 0 4805 2400
    endloop
  endfacet
  facet normal 0 1 -0
    outer loop
      vertex 5 4805 2395
      vertex 0 4805 2400
      vertex 5795 4805 2395
    endloop
  endfacet
  facet normal 0 1 -0
    outer loop
      vertex 5805 4805 25
      vertex 5795 4805 2395
      vertex 5805 4805 2400
    endloop
  endfacet
  facet normal 0 1 -0
    outer loop
      vertex 5800 4805 25
      vertex 5795 4805 2395
      vertex 5805 4805 25
    endloop
  endfacet
  facet normal 0 1 0
    outer loop
      vertex 5800 4805 25
      vertex 5795 4805 5
      vertex 5795 4805 2395
    endloop
  endfacet
  facet normal 0 1 -0
    outer loop
      vertex 5800 4805 -5
      vertex 5795 4805 5
      vertex 5800 4805 25
    endloop
  endfacet
  facet normal 0 1 0
    outer loop
      vertex 200 4805 -5
      vertex 5795 4805 5
      vertex 5800 4805 -5
    endloop
  endfacet
  facet normal 0 1 0
    outer loop
      vertex 5795 4805 5
      vertex 200 4805 -5
      vertex 200 4805 5
    endloop
  endfacet
  facet normal 0 1 -0
    outer loop
      vertex 5800 4805 2400
      vertex 0 4805 2405
      vertex 5800 4805 2405
    endloop
  endfacet
  facet normal 0 1 0
    outer loop
      vertex 0 4805 2405
      vertex 5800 4805 2400
      vertex 0 4805 2400
    endloop
  endfacet
  facet normal 0 1 0
    outer loop
      vertex 0 4805 2400
      vertex 5 4805 2395
      vertex -5 4805 2400
    endloop
  endfacet
  facet normal 0 1 -0
    outer loop
      vertex 5 4805 5
      vertex -5 4805 2400
      vertex 5 4805 2395
    endloop
  endfacet
  facet normal 0 1 0
    outer loop
      vertex -5 4805 0
      vertex 5 4805 5
      vertex 0 4805 0
    endloop
  endfacet
  facet normal 0 1 0
    outer loop
      vertex 5 4805 5
      vertex -5 4805 0
      vertex -5 4805 2400
    endloop
  endfacet
  facet normal 0 -1 0
    outer loop
      vertex 5 4795 -5
      vertex 100 4795 5
      vertex 5 4795 5
    endloop
  endfacet
  facet normal 0 -1 -0
    outer loop
      vertex 100 4795 5
      vertex 5 4795 -5
      vertex 100 4795 -5
    endloop
  endfacet
  facet normal 0 -1 0
    outer loop
      vertex 200 4795 -5
      vertex 5795 4795 5
      vertex 200 4795 5
    endloop
  endfacet
  facet normal 0 -1 -0
    outer loop
      vertex 5795 4795 5
      vertex 200 4795 -5
      vertex 5795 4795 -5
    endloop
  endfacet
  facet normal 1 -0 0
    outer loop
      vertex 5800 4800 2405
      vertex 5800 4805 2400
      vertex 5800 4805 2405
    endloop
  endfacet
  facet normal 1 0 0
    outer loop
      vertex 5800 4805 2400
      vertex 5800 4800 2405
      vertex 5800 4800 2400
    endloop
  endfacet
  facet normal -1 0 0
    outer loop
      vertex 0 4800 2400
      vertex 0 4805 2405
      vertex 0 4805 2400
    endloop
  endfacet
  facet normal -1 -0 0
    outer loop
      vertex 0 4805 2405
      vertex 0 4800 2400
      vertex 0 4800 2405
    endloop
  endfacet
  facet normal 0 -1 0
    outer loop
      vertex 5 4795 2395
      vertex 5795 4795 2405
      vertex 5 4795 2405
    endloop
  endfacet
  facet normal 0 -1 -0
    outer loop
      vertex 5795 4795 2405
      vertex 5 4795 2395
      vertex 5795 4795 2395
    endloop
  endfacet
  facet normal 1 -0 0
    outer loop
      vertex 5 5 5
      vertex 5 4795 -5
      vertex 5 4795 5
    endloop
  endfacet
  facet normal 1 0 0
    outer loop
      vertex 5 4795 -5
      vertex 5 5 5
      vertex 5 5 -5
    endloop
  endfacet
  facet normal -1 0 0
    outer loop
      vertex -5 -5 2400
      vertex -5 5 2395
      vertex -5 -5 0
    endloop
  endfacet
  facet normal -1 0 0
    outer loop
      vertex -5 5 2395
      vertex -5 -5 2400
      vertex -5 0 2400
    endloop
  endfacet
  facet normal -1 0 0
    outer loop
      vertex -5 4795 5
      vertex -5 4800 0
      vertex -5 4800 -5
    endloop
  endfacet
  facet normal -1 0 0
    outer loop
      vertex -5 4800 0
      vertex -5 4795 5
      vertex -5 4800 2400
    endloop
  endfacet
  facet normal -1 0 0
    outer loop
      vertex -5 4795 2395
      vertex -5 4800 2400
      vertex -5 4795 5
    endloop
  endfacet
  facet normal -1 0 0
    outer loop
      vertex -5 4800 -5
      vertex -5 5 5
      vertex -5 4795 5
    endloop
  endfacet
  facet normal -1 0 0
    outer loop
      vertex -5 0 0
      vertex -5 5 5
      vertex -5 0 -5
    endloop
  endfacet
  facet normal -1 0 0
    outer loop
      vertex -5 0 -5
      vertex -5 5 5
      vertex -5 4800 -5
    endloop
  endfacet
  facet normal -1 0 0
    outer loop
      vertex -5 4800 0
      vertex -5 4805 2400
      vertex -5 4805 0
    endloop
  endfacet
  facet normal -1 -0 0
    outer loop
      vertex -5 4805 2400
      vertex -5 4800 0
      vertex -5 4800 2400
    endloop
  endfacet
  facet normal -1 -0 0
    outer loop
      vertex -5 4800 2400
      vertex -5 4795 2395
      vertex -5 4800 2405
    endloop
  endfacet
  facet normal -1 0 0
    outer loop
      vertex -5 5 2395
      vertex -5 4800 2405
      vertex -5 4795 2395
    endloop
  endfacet
  facet normal -1 0 0
    outer loop
      vertex -5 -5 0
      vertex -5 5 5
      vertex -5 0 0
    endloop
  endfacet
  facet normal -1 -0 0
    outer loop
      vertex -5 5 5
      vertex -5 -5 0
      vertex -5 5 2395
    endloop
  endfacet
  facet normal -1 0 0
    outer loop
      vertex -5 0 2405
      vertex -5 5 2395
      vertex -5 0 2400
    endloop
  endfacet
  facet normal -1 0 0
    outer loop
      vertex -5 5 2395
      vertex -5 0 2405
      vertex -5 4800 2405
    endloop
  endfacet
  facet normal 0 1 -0
    outer loop
      vertex 0 4800 -5
      vertex -5 4800 0
      vertex 0 4800 0
    endloop
  endfacet
  facet normal 0 1 0
    outer loop
      vertex -5 4800 0
      vertex 0 4800 -5
      vertex -5 4800 -5
    endloop
  endfacet
  facet normal 0 -1 0
    outer loop
      vertex -5 0 -5
      vertex 0 0 0
      vertex -5 0 0
    endloop
  endfacet
  facet normal 0 -1 -0
    outer loop
      vertex 0 0 0
      vertex -5 0 -5
      vertex 0 0 -5
    endloop
  endfacet
  facet normal 1 -0 0
    outer loop
      vertex 5 5 2405
      vertex 5 4795 2395
      vertex 5 4795 2405
    endloop
  endfacet
  facet normal 1 0 0
    outer loop
      vertex 5 4795 2395
      vertex 5 5 2405
      vertex 5 5 2395
    endloop
  endfacet
  facet normal 0 1 -0
    outer loop
      vertex 0 4800 2400
      vertex -5 4800 2405
      vertex 0 4800 2405
    endloop
  endfacet
  facet normal 0 1 0
    outer loop
      vertex -5 4800 2405
      vertex 0 4800 2400
      vertex -5 4800 2400
    endloop
  endfacet
  facet normal 0 -1 0
    outer loop
      vertex -5 0 2400
      vertex 0 0 2405
      vertex -5 0 2405
    endloop
  endfacet
  facet normal 0 -1 -0
    outer loop
      vertex 0 0 2405
      vertex -5 0 2400
      vertex 0 0 2400
    endloop
  endfacet
  facet normal 1 0 0
    outer loop
      vertex 5805 50 2405
      vertex 5805 5 2395
      vertex 5805 50 2395
    endloop
  endfacet
  facet normal 1 -0 0
    outer loop
      vertex 5805 0 2400
      vertex 5805 5 2395
      vertex 5805 0 2405
    endloop
  endfacet
  facet normal 1 -0 0
    outer loop
      vertex 5805 0 2405
      vertex 5805 5 2395
      vertex 5805 50 2405
    endloop
  endfacet
  facet normal 1 -0 0
    outer loop
      vertex 5805 5 5
      vertex 5805 50 -5
      vertex 5805 50 5
    endloop
  endfacet
  facet normal 1 -0 0
    outer loop
      vertex 5805 -5 2400
      vertex 5805 5 2395
      vertex 5805 0 2400
    endloop
  endfacet
  facet normal 1 0 0
    outer loop
      vertex 5805 5 2395
      vertex 5805 -5 2400
      vertex 5805 5 5
    endloop
  endfacet
  facet normal 1 0 0
    outer loop
      vertex 5805 0 -5
      vertex 5805 5 5
      vertex 5805 0 0
    endloop
  endfacet
  facet normal 1 0 0
    outer loop
      vertex 5805 5 5
      vertex 5805 0 -5
      vertex 5805 50 -5
    endloop
  endfacet
  facet normal 1 0 0
    outer loop
      vertex 5805 -5 0
      vertex 5805 5 5
      vertex 5805 -5 2400
    endloop
  endfacet
  facet normal 1 0 0
    outer loop
      vertex 5805 5 5
      vertex 5805 -5 0
      vertex 5805 0 0
    endloop
  endfacet
  facet normal 1 0 0
    outer loop
      vertex 5805 4800 2405
      vertex 5805 4795 2395
      vertex 5805 4800 2400
    endloop
  endfacet
  facet normal 1 -0 0
    outer loop
      vertex 5805 4375 2405
      vertex 5805 4795 2395
      vertex 5805 4800 2405
    endloop
  endfacet
  facet normal 1 0 0
    outer loop
      vertex 5805 4795 2395
      vertex 5805 4375 2405
      vertex 5805 4375 2395
    endloop
  endfacet
  facet normal 1 0 0
    outer loop
      vertex 5805 4795 2395
      vertex 5805 4805 2400
      vertex 5805 4800 2400
    endloop
  endfacet
  facet normal 1 0 0
    outer loop
      vertex 5805 4805 2400
      vertex 5805 4795 2395
      vertex 5805 4805 25
    endloop
  endfacet
  facet normal 1 0 0
    outer loop
      vertex 5805 4805 25
      vertex 5805 4795 2395
      vertex 5805 4795 25
    endloop
  endfacet
  facet normal 1 -0 0
    outer loop
      vertex 5805 1250 5
      vertex 5805 3750 -5
      vertex 5805 3750 5
    endloop
  endfacet
  facet normal 1 0 0
    outer loop
      vertex 5805 3750 -5
      vertex 5805 1250 5
      vertex 5805 1250 -5
    endloop
  endfacet
  facet normal 1 -0 0
    outer loop
      vertex 5805 150 2405
      vertex 5805 625 2395
      vertex 5805 625 2405
    endloop
  endfacet
  facet normal 1 0 0
    outer loop
      vertex 5805 625 2395
      vertex 5805 150 2405
      vertex 5805 150 2395
    endloop
  endfacet
  facet normal 1 -0 0
    outer loop
      vertex 5805 675 2405
      vertex 5805 1225 2395
      vertex 5805 1225 2405
    endloop
  endfacet
  facet normal 1 0 0
    outer loop
      vertex 5805 1225 2395
      vertex 5805 675 2405
      vertex 5805 675 2395
    endloop
  endfacet
  facet normal 1 -0 0
    outer loop
      vertex 5805 1275 2405
      vertex 5805 3725 2395
      vertex 5805 3725 2405
    endloop
  endfacet
  facet normal 1 0 0
    outer loop
      vertex 5805 3725 2395
      vertex 5805 1275 2405
      vertex 5805 1275 2395
    endloop
  endfacet
  facet normal 1 -0 0
    outer loop
      vertex 5805 3775 2405
      vertex 5805 4325 2395
      vertex 5805 4325 2405
    endloop
  endfacet
  facet normal 1 0 0
    outer loop
      vertex 5805 4325 2395
      vertex 5805 3775 2405
      vertex 5805 3775 2395
    endloop
  endfacet
  facet normal -1 0 0
    outer loop
      vertex 5795 5 -5
      vertex 5795 50 5
      vertex 5795 50 -5
    endloop
  endfacet
  facet normal -1 -0 0
    outer loop
      vertex 5795 50 5
      vertex 5795 5 -5
      vertex 5795 5 5
    endloop
  endfacet
  facet normal -1 0 0
    outer loop
      vertex 5795 150 -5
      vertex 5795 4795 5
      vertex 5795 4795 -5
    endloop
  endfacet
  facet normal -1 -0 0
    outer loop
      vertex 5795 4795 5
      vertex 5795 150 -5
      vertex 5795 150 5
    endloop
  endfacet
  facet normal 0 -1 0
    outer loop
      vertex 5800 0 -5
      vertex 5805 0 0
      vertex 5800 0 0
    endloop
  endfacet
  facet normal 0 -1 -0
    outer loop
      vertex 5805 0 0
      vertex 5800 0 -5
      vertex 5805 0 -5
    endloop
  endfacet
  facet normal -1 0 0
    outer loop
      vertex 5795 5 2395
      vertex 5795 50 2405
      vertex 5795 50 2395
    endloop
  endfacet
  facet normal -1 -0 0
    outer loop
      vertex 5795 50 2405
      vertex 5795 5 2395
      vertex 5795 5 2405
    endloop
  endfacet
  facet normal -1 0 0
    outer loop
      vertex 5795 150 2395
      vertex 5795 4795 2405
      vertex 5795 4795 2395
    endloop
  endfacet
  facet normal -1 -0 0
    outer loop
      vertex 5795 4795 2405
      vertex 5795 150 2395
      vertex 5795 150 2405
    endloop
  endfacet
  facet normal 0 1 -0
    outer loop
      vertex 5805 4800 2400
      vertex 5800 4800 2405
      vertex 5805 4800 2405
    endloop
  endfacet
  facet normal 0 1 0
    outer loop
      vertex 5800 4800 2405
      vertex 5805 4800 2400
      vertex 5800 4800 2400
    endloop
  endfacet
  facet normal 0 -1 0
    outer loop
      vertex 5800 0 2400
      vertex 5805 0 2405
      vertex 5800 0 2405
    endloop
  endfacet
  facet normal 0 -1 -0
    outer loop
      vertex 5805 0 2405
      vertex 5800 0 2400
      vertex 5805 0 2400
    endloop
  endfacet
  facet normal 1 -0 0
    outer loop
      vertex 5 -5 2395
      vertex 5 5 5
      vertex 5 5 2395
    endloop
  endfacet
  facet normal 1 0 0
    outer loop
      vertex 5 5 5
      vertex 5 -5 2395
      vertex 5 -5 5
    endloop
  endfacet
  facet normal -0 0 1
    outer loop
      vertex -5 0 2400
      vertex 0 -5 2400
      vertex 0 0 2400
    endloop
  endfacet
  facet normal 0 0 1
    outer loop
      vertex 0 -5 2400
      vertex -5 0 2400
      vertex -5 -5 2400
    endloop
  endfacet
  facet normal 0 0 -1
    outer loop
      vertex -5 -5 0
      vertex 0 0 0
      vertex 0 -5 0
    endloop
  endfacet
  facet normal -0 0 -1
    outer loop
      vertex 0 0 0
      vertex -5 -5 0
      vertex -5 0 0
    endloop
  endfacet
  facet normal 0 1 -0
    outer loop
      vertex 5 5 5
      vertex -5 5 2395
      vertex 5 5 2395
    endloop
  endfacet
  facet normal 0 1 0
    outer loop
      vertex -5 5 2395
      vertex 5 5 5
      vertex -5 5 5
    endloop
  endfacet
  facet normal 1 -0 0
    outer loop
      vertex 5 4795 2395
      vertex 5 4805 5
      vertex 5 4805 2395
    endloop
  endfacet
  facet normal 1 0 0
    outer loop
      vertex 5 4805 5
      vertex 5 4795 2395
      vertex 5 4795 5
    endloop
  endfacet
  facet normal -0 0 1
    outer loop
      vertex -5 4805 2400
      vertex 0 4800 2400
      vertex 0 4805 2400
    endloop
  endfacet
  facet normal 0 0 1
    outer loop
      vertex 0 4800 2400
      vertex -5 4805 2400
      vertex -5 4800 2400
    endloop
  endfacet
  facet normal 0 0 -1
    outer loop
      vertex -5 4800 0
      vertex 0 4805 0
      vertex 0 4800 0
    endloop
  endfacet
  facet normal -0 0 -1
    outer loop
      vertex 0 4805 0
      vertex -5 4800 0
      vertex -5 4805 0
    endloop
  endfacet
  facet normal 0 -1 0
    outer loop
      vertex -5 4795 5
      vertex 5 4795 2395
      vertex -5 4795 2395
    endloop
  endfacet
  facet normal 0 -1 -0
    outer loop
      vertex 5 4795 2395
      vertex -5 4795 5
      vertex 5 4795 5
    endloop
  endfacet
  facet normal -0 0 1
    outer loop
      vertex 5800 0 2400
      vertex 5805 -5 2400
      vertex 5805 0 2400
    endloop
  endfacet
  facet normal 0 0 1
    outer loop
      vertex 5805 -5 2400
      vertex 5800 0 2400
      vertex 5800 -5 2400
    endloop
  endfacet
  facet normal 0 0 -1
    outer loop
      vertex 5800 -5 0
      vertex 5805 0 0
      vertex 5805 -5 0
    endloop
  endfacet
  facet normal -0 0 -1
    outer loop
      vertex 5805 0 0
      vertex 5800 -5 0
      vertex 5800 0 0
    endloop
  endfacet
  facet normal -1 0 0
    outer loop
      vertex 5795 -5 5
      vertex 5795 5 2395
      vertex 5795 5 5
    endloop
  endfacet
  facet normal -1 -0 0
    outer loop
      vertex 5795 5 2395
      vertex 5795 -5 5
      vertex 5795 -5 2395
    endloop
  endfacet
  facet normal 0 1 -0
    outer loop
      vertex 5805 5 5
      vertex 5795 5 2395
      vertex 5805 5 2395
    endloop
  endfacet
  facet normal 0 1 0
    outer loop
      vertex 5795 5 2395
      vertex 5805 5 5
      vertex 5795 5 5
    endloop
  endfacet
  facet normal -0 0 1
    outer loop
      vertex 5800 4805 2400
      vertex 5805 4800 2400
      vertex 5805 4805 2400
    endloop
  endfacet
  facet normal 0 0 1
    outer loop
      vertex 5805 4800 2400
      vertex 5800 4805 2400
      vertex 5800 4800 2400
    endloop
  endfacet
  facet normal -1 0 0
    outer loop
      vertex 5795 4795 5
      vertex 5795 4805 2395
      vertex 5795 4805 5
    endloop
  endfacet
  facet normal -1 -0 0
    outer loop
      vertex 5795 4805 2395
      vertex 5795 4795 5
      vertex 5795 4795 2395
    endloop
  endfacet
  facet normal 0 -1 0
    outer loop
      vertex 5795 4795 2395
      vertex 5800 4795 25
      vertex 5805 4795 2395
    endloop
  endfacet
  facet normal 0 -1 0
    outer loop
      vertex 5795 4795 5
      vertex 5800 4795 25
      vertex 5795 4795 2395
    endloop
  endfacet
  facet normal 0 -1 -0
    outer loop
      vertex 5800 4795 25
      vertex 5795 4795 5
      vertex 5800 4795 5
    endloop
  endfacet
  facet normal 0 -1 -0
    outer loop
      vertex 5805 4795 2395
      vertex 5800 4795 25
      vertex 5805 4795 25
    endloop
  endfacet
  facet normal -1 0 0
    outer loop
      vertex 50 50 -25
      vertex 50 150 25
      vertex 50 150 -25
    endloop
  endfacet
  facet normal -1 -0 0
    outer loop
      vertex 50 150 25
      vertex 50 50 -25
      vertex 50 50 25
    endloop
  endfacet
  facet normal 0 -1 0
    outer loop
      vertex 50 50 25
      vertex 5795 50 5
      vertex 5950 50 25
    endloop
  endfacet
  facet normal 0 -1 0
    outer loop
      vertex 50 50 25
      vertex 5795 50 -5
      vertex 5795 50 5
    endloop
  endfacet
  facet normal 0 -1 0
    outer loop
      vertex 5950 50 -25
      vertex 5795 50 -5
      vertex 50 50 -25
    endloop
  endfacet
  facet normal 0 -1 0
    outer loop
      vertex 50 50 -25
      vertex 5795 50 -5
      vertex 50 50 25
    endloop
  endfacet
  facet normal 0 -1 0
    outer loop
      vertex 5805 50 5
      vertex 5950 50 25
      vertex 5795 50 5
    endloop
  endfacet
  facet normal 0 -1 0
    outer loop
      vertex 5805 50 -5
      vertex 5950 50 25
      vertex 5805 50 5
    endloop
  endfacet
  facet normal 0 -1 0
    outer loop
      vertex 5805 50 -5
      vertex 5950 50 -25
      vertex 5950 50 25
    endloop
  endfacet
  facet normal 0 -1 0
    outer loop
      vertex 5795 50 -5
      vertex 5950 50 -25
      vertex 5805 50 -5
    endloop
  endfacet
  facet normal 0 1 -0
    outer loop
      vertex 5950 150 -25
      vertex 5900 150 25
      vertex 5950 150 25
    endloop
  endfacet
  facet normal 0 1 0
    outer loop
      vertex 5900 150 25
      vertex 5950 150 -25
      vertex 5900 150 -25
    endloop
  endfacet
  facet normal 0 1 -0
    outer loop
      vertex 100 150 -25
      vertex 50 150 25
      vertex 100 150 25
    endloop
  endfacet
  facet normal 0 1 0
    outer loop
      vertex 50 150 25
      vertex 100 150 -25
      vertex 50 150 -25
    endloop
  endfacet
  facet normal 0 1 0
    outer loop
      vertex 5800 150 -5
      vertex 5800 150 -25
      vertex 5795 150 -5
    endloop
  endfacet
  facet normal 0 1 0
    outer loop
      vertex 5795 150 5
      vertex 5800 150 25
      vertex 5800 150 5
    endloop
  endfacet
  facet normal 0 1 0
    outer loop
      vertex 5800 150 25
      vertex 5795 150 5
      vertex 200 150 25
    endloop
  endfacet
  facet normal 0 1 -0
    outer loop
      vertex 5795 150 -5
      vertex 200 150 25
      vertex 5795 150 5
    endloop
  endfacet
  facet normal 0 1 0
    outer loop
      vertex 200 150 -25
      vertex 5795 150 -5
      vertex 5800 150 -25
    endloop
  endfacet
  facet normal 0 1 0
    outer loop
      vertex 5795 150 -5
      vertex 200 150 -25
      vertex 200 150 25
    endloop
  endfacet
  facet normal 0 0 -1
    outer loop
      vertex 5950 50 -25
      vertex 5900 150 -25
      vertex 5950 150 -25
    endloop
  endfacet
  facet normal 0 0 -1
    outer loop
      vertex 5900 150 -25
      vertex 5800 150 -25
      vertex 5900 1250 -25
    endloop
  endfacet
  facet normal 0 0 -1
    outer loop
      vertex 5950 50 -25
      vertex 5800 150 -25
      vertex 5900 150 -25
    endloop
  endfacet
  facet normal 0 0 -1
    outer loop
      vertex 5950 50 -25
      vertex 200 150 -25
      vertex 5800 150 -25
    endloop
  endfacet
  facet normal 0 0 -1
    outer loop
      vertex 200 150 -25
      vertex 100 150 -25
      vertex 200 1250 -25
    endloop
  endfacet
  facet normal 0 0 -1
    outer loop
      vertex 50 50 -25
      vertex 200 150 -25
      vertex 5950 50 -25
    endloop
  endfacet
  facet normal -0 0 -1
    outer loop
      vertex 200 150 -25
      vertex 50 50 -25
      vertex 100 150 -25
    endloop
  endfacet
  facet normal -0 0 -1
    outer loop
      vertex 100 150 -25
      vertex 50 50 -25
      vertex 50 150 -25
    endloop
  endfacet
  facet normal -0 0 -1
    outer loop
      vertex 5900 1250 -25
      vertex 5800 150 -25
      vertex 5800 1250 -25
    endloop
  endfacet
  facet normal -0 0 -1
    outer loop
      vertex 200 1250 -25
      vertex 100 150 -25
      vertex 100 1250 -25
    endloop
  endfacet
  facet normal 0 0 -1
    outer loop
      vertex 5800 1250 25
      vertex 5900 1275 25
      vertex 5900 1250 25
    endloop
  endfacet
  facet normal -0 0 -1
    outer loop
      vertex 5900 1275 25
      vertex 5800 1250 25
      vertex 5800 1275 25
    endloop
  endfacet
  facet normal 0 0 -1
    outer loop
      vertex 100 1250 25
      vertex 200 1275 25
      vertex 200 1250 25
    endloop
  endfacet
  facet normal -0 0 -1
    outer loop
      vertex 200 1275 25
      vertex 100 1250 25
      vertex 100 1275 25
    endloop
  endfacet
  facet normal -0 0 1
    outer loop
      vertex 100 1225 25
      vertex 200 675 25
      vertex 200 1225 25
    endloop
  endfacet
  facet normal 0 0 1
    outer loop
      vertex 200 675 25
      vertex 100 1225 25
      vertex 100 675 25
    endloop
  endfacet
  facet normal -0 0 1
    outer loop
      vertex 5800 1225 25
      vertex 5900 675 25
      vertex 5900 1225 25
    endloop
  endfacet
  facet normal 0 0 1
    outer loop
      vertex 5900 675 25
      vertex 5800 1225 25
      vertex 5800 675 25
    endloop
  endfacet
  facet normal 0 0 1
    outer loop
      vertex 200 625 25
      vertex 100 625 25
      vertex 200 150 25
    endloop
  endfacet
  facet normal 0 0 1
    outer loop
      vertex 5900 625 25
      vertex 5800 625 25
      vertex 5900 150 25
    endloop
  endfacet
  facet normal -0 0 1
    outer loop
      vertex 5900 150 25
      vertex 5950 50 25
      vertex 5950 150 25
    endloop
  endfacet
  facet normal 0 0 1
    outer loop
      vertex 5800 150 25
      vertex 5900 150 25
      vertex 5800 625 25
    endloop
  endfacet
  facet normal -0 0 1
    outer loop
      vertex 5800 150 25
      vertex 5950 50 25
      vertex 5900 150 25
    endloop
  endfacet
  facet normal -0 0 1
    outer loop
      vertex 200 150 25
      vertex 5950 50 25
      vertex 5800 150 25
    endloop
  endfacet
  facet normal 0 0 1
    outer loop
      vertex 100 150 25
      vertex 200 150 25
      vertex 100 625 25
    endloop
  endfacet
  facet normal 0 0 1
    outer loop
      vertex 50 50 25
      vertex 200 150 25
      vertex 100 150 25
    endloop
  endfacet
  facet normal 0 0 1
    outer loop
      vertex 50 50 25
      vertex 100 150 25
      vertex 50 150 25
    endloop
  endfacet
  facet normal 0 0 1
    outer loop
      vertex 200 150 25
      vertex 50 50 25
      vertex 5950 50 25
    endloop
  endfacet
  facet normal 1 -0 0
    outer loop
      vertex 5950 50 25
      vertex 5950 150 -25
      vertex 5950 150 25
    endloop
  endfacet
  facet normal 1 0 0
    outer loop
      vertex 5950 150 -25
      vertex 5950 50 25
      vertex 5950 50 -25
    endloop
  endfacet
  facet normal -1 0 0
    outer loop
      vertex 50 150 2375
      vertex 50 93.9567 2375
      vertex 50 150 2414.24
    endloop
  endfacet
  facet normal -1 0 0
    outer loop
      vertex 50 4949 2375
      vertex 50 4950 2376.43
      vertex 50 4950 2375
    endloop
  endfacet
  facet normal -1 -0 0
    outer loop
      vertex 50 4950 2376.43
      vertex 50 4949 2375
      vertex 50 4950 2405.26
    endloop
  endfacet
  facet normal -1 0 0
    outer loop
      vertex 50 4906.04 2375
      vertex 50 4950 2405.26
      vertex 50 4949 2375
    endloop
  endfacet
  facet normal -1 -0 0
    outer loop
      vertex 50 4963.55 2395.77
      vertex 50 4950 2376.43
      vertex 50 4950 2405.26
    endloop
  endfacet
  facet normal -1 0 0
    outer loop
      vertex 50 4950 2421.54
      vertex 50 5009.15 2419.09
      vertex 50 4965.85 2394.09
    endloop
  endfacet
  facet normal -1 0 0
    outer loop
      vertex 50 4950 2405.26
      vertex 50 4921.81 2425
      vertex 50 4950 2421.54
    endloop
  endfacet
  facet normal -1 0 0
    outer loop
      vertex 50 4948 2425
      vertex 50 5009.15 2419.09
      vertex 50 4950 2421.54
    endloop
  endfacet
  facet normal -1 0 0
    outer loop
      vertex 50 4948 2425
      vertex 50 2534.15 6705.91
      vertex 50 5009.15 2419.09
    endloop
  endfacet
  facet normal -1 0 0
    outer loop
      vertex 50 2500 6665.06
      vertex 50 2534.15 6705.91
      vertex 50 4948 2425
    endloop
  endfacet
  facet normal -1 0 0
    outer loop
      vertex 50 2500 6665.06
      vertex 50 2500 6686.2
      vertex 50 2534.15 6705.91
    endloop
  endfacet
  facet normal -1 0 0
    outer loop
      vertex 50 2500 6665.06
      vertex 50 2465.85 6705.91
      vertex 50 2500 6686.2
    endloop
  endfacet
  facet normal -1 0 0
    outer loop
      vertex 50 51.9982 2425
      vertex 50 2465.85 6705.91
      vertex 50 2500 6665.06
    endloop
  endfacet
  facet normal -1 0 0
    outer loop
      vertex 50 50 2376.43
      vertex 50 51.0003 2375
      vertex 50 50 2375
    endloop
  endfacet
  facet normal -1 0 0
    outer loop
      vertex 50 50 2405.26
      vertex 50 51.0003 2375
      vertex 50 50 2376.43
    endloop
  endfacet
  facet normal -1 0 0
    outer loop
      vertex 50 51.0003 2375
      vertex 50 50 2405.26
      vertex 50 51.9982 2425
    endloop
  endfacet
  facet normal -1 0 0
    outer loop
      vertex 50 50 2421.54
      vertex 50 51.9982 2425
      vertex 50 50 2405.26
    endloop
  endfacet
  facet normal -1 0 0
    outer loop
      vertex 50 -9.15063 2419.09
      vertex 50 51.9982 2425
      vertex 50 50 2421.54
    endloop
  endfacet
  facet normal -1 0 0
    outer loop
      vertex 50 -9.15063 2419.09
      vertex 50 50 2421.54
      vertex 50 34.1506 2394.09
    endloop
  endfacet
  facet normal -1 -0 0
    outer loop
      vertex 50 51.9982 2425
      vertex 50 -9.15063 2419.09
      vertex 50 2465.85 6705.91
    endloop
  endfacet
  facet normal -1 0 0
    outer loop
      vertex 50 2456.41 4090.25
      vertex 50 2436.45 4104.23
      vertex 50 2451 4125
    endloop
  endfacet
  facet normal -1 0 0
    outer loop
      vertex 50 2549 4125
      vertex 50 2475 4175
      vertex 50 2525 4175
    endloop
  endfacet
  facet normal -1 0 0
    outer loop
      vertex 50 150 2414.24
      vertex 50 2456.41 4090.25
      vertex 50 2475 4042.22
    endloop
  endfacet
  facet normal -1 0 0
    outer loop
      vertex 50 78.1917 2425
      vertex 50 150 2414.24
      vertex 50 93.9567 2375
    endloop
  endfacet
  facet normal -1 0 0
    outer loop
      vertex 50 150 2414.24
      vertex 50 78.1917 2425
      vertex 50 2456.41 4090.25
    endloop
  endfacet
  facet normal -1 0 0
    outer loop
      vertex 50 51.0003 2375
      vertex 50 93.9567 2375
      vertex 50 65.1325 2354.82
    endloop
  endfacet
  facet normal -1 0 0
    outer loop
      vertex 50 93.9567 2375
      vertex 50 51.0003 2375
      vertex 50 78.1917 2425
    endloop
  endfacet
  facet normal -1 -0 0
    outer loop
      vertex 50 78.1917 2425
      vertex 50 51.0003 2375
      vertex 50 51.9982 2425
    endloop
  endfacet
  facet normal -1 0 0
    outer loop
      vertex 50 2475 4042.22
      vertex 50 2525 4042.22
      vertex 50 2525 4000
    endloop
  endfacet
  facet normal -1 0 0
    outer loop
      vertex 50 2456.41 4090.25
      vertex 50 2525 4042.22
      vertex 50 2475 4042.22
    endloop
  endfacet
  facet normal -1 0 0
    outer loop
      vertex 50 2475 4042.22
      vertex 50 2525 4000
      vertex 50 2475 4000
    endloop
  endfacet
  facet normal -1 0 0
    outer loop
      vertex 50 2451 4125
      vertex 50 2549 4125
      vertex 50 2456.41 4090.25
    endloop
  endfacet
  facet normal -1 0 0
    outer loop
      vertex 50 2525 4175
      vertex 50 2475 4175
      vertex 50 2525 6500
    endloop
  endfacet
  facet normal -1 -0 0
    outer loop
      vertex 50 2525 6500
      vertex 50 2475 4175
      vertex 50 2475 6500
    endloop
  endfacet
  facet normal -1 0 0
    outer loop
      vertex 50 2549 4125
      vertex 50 2451 4125
      vertex 50 2475 4175
    endloop
  endfacet
  facet normal -1 0 0
    outer loop
      vertex 50 2450 4175
      vertex 50 2451 4125
      vertex 50 2450 4125
    endloop
  endfacet
  facet normal -1 0 0
    outer loop
      vertex 50 2451 4125
      vertex 50 2450 4175
      vertex 50 2475 4175
    endloop
  endfacet
  facet normal -1 0 0
    outer loop
      vertex 50 50 2376.43
      vertex 50 36.4537 2395.77
      vertex 50 50 2405.26
    endloop
  endfacet
  facet normal -1 0 0
    outer loop
      vertex 50 4906.04 2375
      vertex 50 4949 2375
      vertex 50 4934.87 2354.82
    endloop
  endfacet
  facet normal -1 -0 0
    outer loop
      vertex 50 4950 2405.26
      vertex 50 4906.04 2375
      vertex 50 4921.81 2425
    endloop
  endfacet
  facet normal -1 0 0
    outer loop
      vertex 50 4950 2421.54
      vertex 50 4921.81 2425
      vertex 50 4948 2425
    endloop
  endfacet
  facet normal -1 0 0
    outer loop
      vertex 50 4850 2414.24
      vertex 50 4906.04 2375
      vertex 50 4850 2375
    endloop
  endfacet
  facet normal -1 0 0
    outer loop
      vertex 50 4906.04 2375
      vertex 50 4850 2414.24
      vertex 50 4921.81 2425
    endloop
  endfacet
  facet normal -1 0 0
    outer loop
      vertex 50 4850 2414.24
      vertex 50 2543.59 4090.25
      vertex 50 4921.81 2425
    endloop
  endfacet
  facet normal -1 0 -0
    outer loop
      vertex 50 2543.59 4090.25
      vertex 50 4850 2414.24
      vertex 50 2525 4042.22
    endloop
  endfacet
  facet normal -1 -0 0
    outer loop
      vertex 50 2563.55 4104.23
      vertex 50 2543.59 4090.25
      vertex 50 2549 4125
    endloop
  endfacet
  facet normal -1 0 0
    outer loop
      vertex 50 2549 4125
      vertex 50 2550 4175
      vertex 50 2550 4125
    endloop
  endfacet
  facet normal -1 0 0
    outer loop
      vertex 50 2456.41 4090.25
      vertex 50 2549 4125
      vertex 50 2543.59 4090.25
    endloop
  endfacet
  facet normal -1 0 0
    outer loop
      vertex 50 2456.41 4090.25
      vertex 50 2543.59 4090.25
      vertex 50 2525 4042.22
    endloop
  endfacet
  facet normal -1 0 0
    outer loop
      vertex 50 2549 4125
      vertex 50 2525 4175
      vertex 50 2550 4175
    endloop
  endfacet
  facet normal 1 0 0
    outer loop
      vertex 5950 50 2405.26
      vertex 5950 36.4537 2395.77
      vertex 5950 50 2376.43
    endloop
  endfacet
  facet normal 1 0 0
    outer loop
      vertex 5950 2525 4042.22
      vertex 5950 2456.41 4090.25
      vertex 5950 2475 4042.22
    endloop
  endfacet
  facet normal 1 0 0
    outer loop
      vertex 5950 2525 4175
      vertex 5950 2451 4125
      vertex 5950 2456.41 4090.25
    endloop
  endfacet
  facet normal 1 -0 0
    outer loop
      vertex 5950 2450 4175
      vertex 5950 2451 4125
      vertex 5950 2475 4175
    endloop
  endfacet
  facet normal 1 0 0
    outer loop
      vertex 5950 2451 4125
      vertex 5950 2450 4175
      vertex 5950 2450 4125
    endloop
  endfacet
  facet normal 1 0 0
    outer loop
      vertex 5950 2475 4175
      vertex 5950 2525 4175
      vertex 5950 2525 6500
    endloop
  endfacet
  facet normal 1 0 0
    outer loop
      vertex 5950 2451 4125
      vertex 5950 2525 4175
      vertex 5950 2475 4175
    endloop
  endfacet
  facet normal 1 0 0
    outer loop
      vertex 5950 2475 4175
      vertex 5950 2525 6500
      vertex 5950 2475 6500
    endloop
  endfacet
  facet normal 1 0 0
    outer loop
      vertex 5950 2543.59 4090.25
      vertex 5950 2456.41 4090.25
      vertex 5950 2525 4042.22
    endloop
  endfacet
  facet normal 1 0 0
    outer loop
      vertex 5950 2525 4042.22
      vertex 5950 2475 4042.22
      vertex 5950 2525 4000
    endloop
  endfacet
  facet normal 1 0 0
    outer loop
      vertex 5950 2525 4000
      vertex 5950 2475 4042.22
      vertex 5950 2475 4000
    endloop
  endfacet
  facet normal 1 0 0
    outer loop
      vertex 5950 2456.41 4090.25
      vertex 5950 150 2414.24
      vertex 5950 2475 4042.22
    endloop
  endfacet
  facet normal 1 0 0
    outer loop
      vertex 5950 150 2414.24
      vertex 5950 93.9567 2375
      vertex 5950 150 2375
    endloop
  endfacet
  facet normal 1 -0 0
    outer loop
      vertex 5950 78.1917 2425
      vertex 5950 150 2414.24
      vertex 5950 2456.41 4090.25
    endloop
  endfacet
  facet normal 1 0 0
    outer loop
      vertex 5950 150 2414.24
      vertex 5950 78.1917 2425
      vertex 5950 93.9567 2375
    endloop
  endfacet
  facet normal 1 -0 0
    outer loop
      vertex 5950 50 2405.26
      vertex 5950 93.9567 2375
      vertex 5950 78.1917 2425
    endloop
  endfacet
  facet normal 1 0 0
    outer loop
      vertex 5950 50 2421.54
      vertex 5950 78.1917 2425
      vertex 5950 51.9982 2425
    endloop
  endfacet
  facet normal 1 0 0
    outer loop
      vertex 5950 93.9567 2375
      vertex 5950 50 2405.26
      vertex 5950 51.0003 2375
    endloop
  endfacet
  facet normal 1 0 0
    outer loop
      vertex 5950 2456.41 4090.25
      vertex 5950 2451 4125
      vertex 5950 2436.45 4104.23
    endloop
  endfacet
  facet normal 1 0 0
    outer loop
      vertex 5950 93.9567 2375
      vertex 5950 51.0003 2375
      vertex 5950 65.1325 2354.82
    endloop
  endfacet
  facet normal 1 -0 0
    outer loop
      vertex 5950 50 2376.43
      vertex 5950 51.0003 2375
      vertex 5950 50 2405.26
    endloop
  endfacet
  facet normal 1 0 0
    outer loop
      vertex 5950 51.0003 2375
      vertex 5950 50 2376.43
      vertex 5950 50 2375
    endloop
  endfacet
  facet normal 1 0 0
    outer loop
      vertex 5950 2550 4175
      vertex 5950 2549 4125
      vertex 5950 2550 4125
    endloop
  endfacet
  facet normal 1 -0 0
    outer loop
      vertex 5950 2525 4175
      vertex 5950 2549 4125
      vertex 5950 2550 4175
    endloop
  endfacet
  facet normal 1 0 0
    outer loop
      vertex 5950 2456.41 4090.25
      vertex 5950 2549 4125
      vertex 5950 2525 4175
    endloop
  endfacet
  facet normal 1 0 0
    outer loop
      vertex 5950 2563.55 4104.23
      vertex 5950 2549 4125
      vertex 5950 2543.59 4090.25
    endloop
  endfacet
  facet normal 1 0 0
    outer loop
      vertex 5950 5009.15 2419.09
      vertex 5950 4950 2421.54
      vertex 5950 4965.85 2394.09
    endloop
  endfacet
  facet normal 1 0 0
    outer loop
      vertex 5950 4921.81 2425
      vertex 5950 4950 2405.26
      vertex 5950 4950 2421.54
    endloop
  endfacet
  facet normal 1 0 0
    outer loop
      vertex 5950 4906.04 2375
      vertex 5950 4950 2405.26
      vertex 5950 4921.81 2425
    endloop
  endfacet
  facet normal 1 0 0
    outer loop
      vertex 5950 4950 2376.43
      vertex 5950 4949 2375
      vertex 5950 4950 2375
    endloop
  endfacet
  facet normal 1 -0 0
    outer loop
      vertex 5950 4921.81 2425
      vertex 5950 4950 2421.54
      vertex 5950 4948 2425
    endloop
  endfacet
  facet normal 1 0 0
    outer loop
      vertex 5950 5009.15 2419.09
      vertex 5950 4948 2425
      vertex 5950 4950 2421.54
    endloop
  endfacet
  facet normal 1 0 0
    outer loop
      vertex 5950 2534.15 6705.91
      vertex 5950 4948 2425
      vertex 5950 5009.15 2419.09
    endloop
  endfacet
  facet normal 1 0 0
    outer loop
      vertex 5950 2500 6665.06
      vertex 5950 2534.15 6705.91
      vertex 5950 2500 6686.2
    endloop
  endfacet
  facet normal 1 0 0
    outer loop
      vertex 5950 2534.15 6705.91
      vertex 5950 2500 6665.06
      vertex 5950 4948 2425
    endloop
  endfacet
  facet normal 1 0 0
    outer loop
      vertex 5950 2465.85 6705.91
      vertex 5950 2500 6665.06
      vertex 5950 2500 6686.2
    endloop
  endfacet
  facet normal 1 0 0
    outer loop
      vertex 5950 2465.85 6705.91
      vertex 5950 51.9982 2425
      vertex 5950 2500 6665.06
    endloop
  endfacet
  facet normal 1 0 0
    outer loop
      vertex 5950 78.1917 2425
      vertex 5950 50 2421.54
      vertex 5950 50 2405.26
    endloop
  endfacet
  facet normal 1 0 0
    outer loop
      vertex 5950 -9.15063 2419.09
      vertex 5950 51.9982 2425
      vertex 5950 2465.85 6705.91
    endloop
  endfacet
  facet normal 1 0 0
    outer loop
      vertex 5950 51.9982 2425
      vertex 5950 -9.15063 2419.09
      vertex 5950 50 2421.54
    endloop
  endfacet
  facet normal 1 0 0
    outer loop
      vertex 5950 50 2421.54
      vertex 5950 -9.15063 2419.09
      vertex 5950 34.1506 2394.09
    endloop
  endfacet
  facet normal 1 0 0
    outer loop
      vertex 5950 4963.55 2395.77
      vertex 5950 4950 2405.26
      vertex 5950 4950 2376.43
    endloop
  endfacet
  facet normal 1 0 0
    outer loop
      vertex 5950 4950 2405.26
      vertex 5950 4906.04 2375
      vertex 5950 4950 2376.43
    endloop
  endfacet
  facet normal 1 0 0
    outer loop
      vertex 5950 4950 2376.43
      vertex 5950 4906.04 2375
      vertex 5950 4949 2375
    endloop
  endfacet
  facet normal 1 0 0
    outer loop
      vertex 5950 4949 2375
      vertex 5950 4906.04 2375
      vertex 5950 4934.87 2354.82
    endloop
  endfacet
  facet normal 1 0 0
    outer loop
      vertex 5950 4921.81 2425
      vertex 5950 4850 2414.24
      vertex 5950 4906.04 2375
    endloop
  endfacet
  facet normal 1 0 0
    outer loop
      vertex 5950 2543.59 4090.25
      vertex 5950 4850 2414.24
      vertex 5950 4921.81 2425
    endloop
  endfacet
  facet normal 1 0 0
    outer loop
      vertex 5950 2543.59 4090.25
      vertex 5950 2525 4042.22
      vertex 5950 4850 2414.24
    endloop
  endfacet
  facet normal 1 0 0
    outer loop
      vertex 5950 2549 4125
      vertex 5950 2456.41 4090.25
      vertex 5950 2543.59 4090.25
    endloop
  endfacet
  facet normal 1 0 0
    outer loop
      vertex 5950 4906.04 2375
      vertex 5950 4850 2414.24
      vertex 5950 4850 2375
    endloop
  endfacet
  facet normal 0 -1 0
    outer loop
      vertex 50 50 2375
      vertex 150 50 2376.43
      vertex 50 50 2376.43
    endloop
  endfacet
  facet normal 0 -1 -0
    outer loop
      vertex 150 50 2376.43
      vertex 50 50 2375
      vertex 1200 50 2376.43
    endloop
  endfacet
  facet normal 0 -1 -0
    outer loop
      vertex 1200 50 2376.43
      vertex 50 50 2375
      vertex 1300 50 2376.43
    endloop
  endfacet
  facet normal 0 -1 -0
    outer loop
      vertex 1300 50 2376.43
      vertex 50 50 2375
      vertex 2350 50 2376.43
    endloop
  endfacet
  facet normal 0 -1 -0
    outer loop
      vertex 2350 50 2376.43
      vertex 50 50 2375
      vertex 2450 50 2376.43
    endloop
  endfacet
  facet normal 0 -1 -0
    outer loop
      vertex 2450 50 2376.43
      vertex 50 50 2375
      vertex 3550 50 2376.43
    endloop
  endfacet
  facet normal 0 -1 -0
    outer loop
      vertex 3550 50 2376.43
      vertex 50 50 2375
      vertex 3650 50 2376.43
    endloop
  endfacet
  facet normal 0 -1 -0
    outer loop
      vertex 3650 50 2376.43
      vertex 50 50 2375
      vertex 4700 50 2376.43
    endloop
  endfacet
  facet normal 0 -1 -0
    outer loop
      vertex 4700 50 2376.43
      vertex 50 50 2375
      vertex 4800 50 2376.43
    endloop
  endfacet
  facet normal 0 -1 0
    outer loop
      vertex 5950 50 2375
      vertex 4800 50 2376.43
      vertex 50 50 2375
    endloop
  endfacet
  facet normal 0 -1 0
    outer loop
      vertex 4800 50 2376.43
      vertex 5950 50 2375
      vertex 5850 50 2376.43
    endloop
  endfacet
  facet normal 0 -1 0
    outer loop
      vertex 5850 50 2376.43
      vertex 5950 50 2375
      vertex 5950 50 2376.43
    endloop
  endfacet
  facet normal 0 -1 -0
    outer loop
      vertex 5850 50 2425
      vertex 5805 50 2405
      vertex 5850 50 2421.54
    endloop
  endfacet
  facet normal 0 -1 0
    outer loop
      vertex 4800 50 2405.26
      vertex 5795 50 2395
      vertex 5795 50 2405
    endloop
  endfacet
  facet normal 0 -1 0
    outer loop
      vertex 5850 50 2376.43
      vertex 5795 50 2395
      vertex 4800 50 2376.43
    endloop
  endfacet
  facet normal 0 -1 0
    outer loop
      vertex 4800 50 2376.43
      vertex 5795 50 2395
      vertex 4800 50 2405.26
    endloop
  endfacet
  facet normal 0 -1 0
    outer loop
      vertex 3650 50 2376.43
      vertex 4700 50 2405.26
      vertex 3650 50 2405.26
    endloop
  endfacet
  facet normal 0 -1 -0
    outer loop
      vertex 4700 50 2405.26
      vertex 3650 50 2376.43
      vertex 4700 50 2376.43
    endloop
  endfacet
  facet normal 0 -1 0
    outer loop
      vertex 2450 50 2376.43
      vertex 3550 50 2405.26
      vertex 2450 50 2405.26
    endloop
  endfacet
  facet normal 0 -1 -0
    outer loop
      vertex 3550 50 2405.26
      vertex 2450 50 2376.43
      vertex 3550 50 2376.43
    endloop
  endfacet
  facet normal 0 -1 0
    outer loop
      vertex 1300 50 2376.43
      vertex 2350 50 2405.26
      vertex 1300 50 2405.26
    endloop
  endfacet
  facet normal 0 -1 -0
    outer loop
      vertex 2350 50 2405.26
      vertex 1300 50 2376.43
      vertex 2350 50 2376.43
    endloop
  endfacet
  facet normal 0 -1 0
    outer loop
      vertex 150 50 2376.43
      vertex 1200 50 2405.26
      vertex 150 50 2405.26
    endloop
  endfacet
  facet normal 0 -1 -0
    outer loop
      vertex 1200 50 2405.26
      vertex 150 50 2376.43
      vertex 1200 50 2376.43
    endloop
  endfacet
  facet normal 0 -1 0
    outer loop
      vertex 150 50 2405.26
      vertex 150 50 2421.54
      vertex 50 50 2421.54
    endloop
  endfacet
  facet normal 0 -1 0
    outer loop
      vertex 150 50 2421.54
      vertex 150 50 2405.26
      vertex 1200 50 2421.54
    endloop
  endfacet
  facet normal 0 -1 0
    outer loop
      vertex 1200 50 2421.54
      vertex 1200 50 2405.26
      vertex 1300 50 2421.54
    endloop
  endfacet
  facet normal 0 -1 0
    outer loop
      vertex 1300 50 2421.54
      vertex 1300 50 2405.26
      vertex 2350 50 2421.54
    endloop
  endfacet
  facet normal 0 -1 0
    outer loop
      vertex 2350 50 2405.26
      vertex 2350 50 2421.54
      vertex 1300 50 2405.26
    endloop
  endfacet
  facet normal 0 -1 0
    outer loop
      vertex 2350 50 2421.54
      vertex 2350 50 2405.26
      vertex 2450 50 2421.54
    endloop
  endfacet
  facet normal 0 -1 0
    outer loop
      vertex 2450 50 2405.26
      vertex 2450 50 2421.54
      vertex 2350 50 2405.26
    endloop
  endfacet
  facet normal 0 -1 0
    outer loop
      vertex 2450 50 2421.54
      vertex 2450 50 2405.26
      vertex 3550 50 2421.54
    endloop
  endfacet
  facet normal 0 -1 0
    outer loop
      vertex 3550 50 2405.26
      vertex 3550 50 2421.54
      vertex 2450 50 2405.26
    endloop
  endfacet
  facet normal 0 -1 0
    outer loop
      vertex 3550 50 2421.54
      vertex 3550 50 2405.26
      vertex 3650 50 2421.54
    endloop
  endfacet
  facet normal 0 -1 0
    outer loop
      vertex 150 50 2405.26
      vertex 50 50 2421.54
      vertex 50 50 2405.26
    endloop
  endfacet
  facet normal 0 -1 -0
    outer loop
      vertex 1200 50 2421.54
      vertex 150 50 2405.26
      vertex 1200 50 2405.26
    endloop
  endfacet
  facet normal 0 -1 -0
    outer loop
      vertex 1300 50 2421.54
      vertex 1200 50 2405.26
      vertex 1300 50 2405.26
    endloop
  endfacet
  facet normal 0 -1 0
    outer loop
      vertex 3650 50 2405.26
      vertex 3650 50 2421.54
      vertex 3550 50 2405.26
    endloop
  endfacet
  facet normal 0 -1 0
    outer loop
      vertex 3650 50 2421.54
      vertex 3650 50 2405.26
      vertex 4700 50 2421.54
    endloop
  endfacet
  facet normal 0 -1 0
    outer loop
      vertex 4700 50 2405.26
      vertex 4700 50 2421.54
      vertex 3650 50 2405.26
    endloop
  endfacet
  facet normal 0 -1 0
    outer loop
      vertex 4700 50 2421.54
      vertex 4700 50 2405.26
      vertex 4800 50 2421.54
    endloop
  endfacet
  facet normal 0 -1 0
    outer loop
      vertex 4800 50 2405.26
      vertex 4800 50 2421.54
      vertex 4700 50 2405.26
    endloop
  endfacet
  facet normal 0 -1 0
    outer loop
      vertex 5795 50 2405
      vertex 4800 50 2421.54
      vertex 4800 50 2405.26
    endloop
  endfacet
  facet normal 0 -1 0
    outer loop
      vertex 5805 50 2405
      vertex 5850 50 2425
      vertex 5795 50 2405
    endloop
  endfacet
  facet normal 0 -1 0
    outer loop
      vertex 5850 50 2421.54
      vertex 5850 50 2405.26
      vertex 5950 50 2421.54
    endloop
  endfacet
  facet normal 0 -1 -0
    outer loop
      vertex 5950 50 2421.54
      vertex 5850 50 2405.26
      vertex 5950 50 2405.26
    endloop
  endfacet
  facet normal 0 -1 0
    outer loop
      vertex 150 50 2421.54
      vertex 1200 50 2425
      vertex 150 50 2425
    endloop
  endfacet
  facet normal 0 -1 -0
    outer loop
      vertex 1200 50 2425
      vertex 150 50 2421.54
      vertex 1200 50 2421.54
    endloop
  endfacet
  facet normal 0 -1 0
    outer loop
      vertex 1300 50 2421.54
      vertex 2350 50 2425
      vertex 1300 50 2425
    endloop
  endfacet
  facet normal 0 -1 -0
    outer loop
      vertex 2350 50 2425
      vertex 1300 50 2421.54
      vertex 2350 50 2421.54
    endloop
  endfacet
  facet normal 0 -1 0
    outer loop
      vertex 2450 50 2421.54
      vertex 3550 50 2425
      vertex 2450 50 2425
    endloop
  endfacet
  facet normal 0 -1 -0
    outer loop
      vertex 3550 50 2425
      vertex 2450 50 2421.54
      vertex 3550 50 2421.54
    endloop
  endfacet
  facet normal 0 -1 0
    outer loop
      vertex 3650 50 2421.54
      vertex 4700 50 2425
      vertex 3650 50 2425
    endloop
  endfacet
  facet normal 0 -1 -0
    outer loop
      vertex 4700 50 2425
      vertex 3650 50 2421.54
      vertex 4700 50 2421.54
    endloop
  endfacet
  facet normal 0 -1 0
    outer loop
      vertex 5795 50 2405
      vertex 4800 50 2425
      vertex 4800 50 2421.54
    endloop
  endfacet
  facet normal 0 -1 0
    outer loop
      vertex 4800 50 2425
      vertex 5795 50 2405
      vertex 5850 50 2425
    endloop
  endfacet
  facet normal 0 -1 -0
    outer loop
      vertex 5850 50 2421.54
      vertex 5805 50 2405
      vertex 5850 50 2405.26
    endloop
  endfacet
  facet normal 0 -1 0
    outer loop
      vertex 5805 50 2395
      vertex 5850 50 2405.26
      vertex 5805 50 2405
    endloop
  endfacet
  facet normal 0 -1 0
    outer loop
      vertex 5805 50 2395
      vertex 5850 50 2376.43
      vertex 5850 50 2405.26
    endloop
  endfacet
  facet normal 0 -1 0
    outer loop
      vertex 5795 50 2395
      vertex 5850 50 2376.43
      vertex 5805 50 2395
    endloop
  endfacet
  facet normal 0 1 -0
    outer loop
      vertex 5950 150 2375
      vertex 5850 150 2414.24
      vertex 5950 150 2414.24
    endloop
  endfacet
  facet normal 0 1 0
    outer loop
      vertex 5850 150 2414.24
      vertex 5795 150 2405
      vertex 4800 150 2414.24
    endloop
  endfacet
  facet normal 0 1 -0
    outer loop
      vertex 5795 150 2395
      vertex 4800 150 2414.24
      vertex 5795 150 2405
    endloop
  endfacet
  facet normal 0 1 0
    outer loop
      vertex 5950 150 2375
      vertex 4800 150 2414.24
      vertex 5795 150 2395
    endloop
  endfacet
  facet normal 0 1 0
    outer loop
      vertex 4800 150 2414.24
      vertex 5950 150 2375
      vertex 4700 150 2414.24
    endloop
  endfacet
  facet normal 0 1 0
    outer loop
      vertex 4700 150 2414.24
      vertex 5950 150 2375
      vertex 3650 150 2414.24
    endloop
  endfacet
  facet normal 0 1 0
    outer loop
      vertex 3650 150 2414.24
      vertex 5950 150 2375
      vertex 3550 150 2414.24
    endloop
  endfacet
  facet normal 0 1 0
    outer loop
      vertex 3550 150 2414.24
      vertex 5950 150 2375
      vertex 2450 150 2414.24
    endloop
  endfacet
  facet normal 0 1 0
    outer loop
      vertex 2450 150 2414.24
      vertex 5950 150 2375
      vertex 2350 150 2414.24
    endloop
  endfacet
  facet normal 0 1 0
    outer loop
      vertex 50 150 2375
      vertex 2350 150 2414.24
      vertex 5950 150 2375
    endloop
  endfacet
  facet normal 0 1 0
    outer loop
      vertex 5850 150 2414.24
      vertex 5805 150 2405
      vertex 5795 150 2405
    endloop
  endfacet
  facet normal 0 1 0
    outer loop
      vertex 5850 150 2414.24
      vertex 5805 150 2395
      vertex 5805 150 2405
    endloop
  endfacet
  facet normal 0 1 0
    outer loop
      vertex 5805 150 2395
      vertex 5950 150 2375
      vertex 5795 150 2395
    endloop
  endfacet
  facet normal 0 1 0
    outer loop
      vertex 5850 150 2414.24
      vertex 5950 150 2375
      vertex 5805 150 2395
    endloop
  endfacet
  facet normal 0 1 -0
    outer loop
      vertex 5850 150 2414.24
      vertex 4800 150 2425
      vertex 5850 150 2425
    endloop
  endfacet
  facet normal 0 1 0
    outer loop
      vertex 4800 150 2425
      vertex 5850 150 2414.24
      vertex 4800 150 2414.24
    endloop
  endfacet
  facet normal 0 1 -0
    outer loop
      vertex 4700 150 2414.24
      vertex 3650 150 2425
      vertex 4700 150 2425
    endloop
  endfacet
  facet normal 0 1 0
    outer loop
      vertex 3650 150 2425
      vertex 4700 150 2414.24
      vertex 3650 150 2414.24
    endloop
  endfacet
  facet normal 0 1 -0
    outer loop
      vertex 3550 150 2414.24
      vertex 2450 150 2425
      vertex 3550 150 2425
    endloop
  endfacet
  facet normal 0 1 0
    outer loop
      vertex 2450 150 2425
      vertex 3550 150 2414.24
      vertex 2450 150 2414.24
    endloop
  endfacet
  facet normal 0 1 -0
    outer loop
      vertex 2350 150 2414.24
      vertex 1300 150 2425
      vertex 2350 150 2425
    endloop
  endfacet
  facet normal 0 1 0
    outer loop
      vertex 1300 150 2425
      vertex 2350 150 2414.24
      vertex 1300 150 2414.24
    endloop
  endfacet
  facet normal 0 1 -0
    outer loop
      vertex 1200 150 2414.24
      vertex 150 150 2425
      vertex 1200 150 2425
    endloop
  endfacet
  facet normal 0 1 0
    outer loop
      vertex 150 150 2425
      vertex 1200 150 2414.24
      vertex 150 150 2414.24
    endloop
  endfacet
  facet normal 0 1 0
    outer loop
      vertex 2350 150 2414.24
      vertex 50 150 2375
      vertex 1300 150 2414.24
    endloop
  endfacet
  facet normal 0 1 0
    outer loop
      vertex 1200 150 2414.24
      vertex 50 150 2375
      vertex 150 150 2414.24
    endloop
  endfacet
  facet normal 0 1 0
    outer loop
      vertex 1300 150 2414.24
      vertex 50 150 2375
      vertex 1200 150 2414.24
    endloop
  endfacet
  facet normal 0 1 0
    outer loop
      vertex 150 150 2414.24
      vertex 50 150 2375
      vertex 50 150 2414.24
    endloop
  endfacet
  facet normal -0 0 1
    outer loop
      vertex 50 78.1917 2425
      vertex 150 51.9982 2425
      vertex 150 78.1917 2425
    endloop
  endfacet
  facet normal 0 0 1
    outer loop
      vertex 150 51.9982 2425
      vertex 50 78.1917 2425
      vertex 50 51.9982 2425
    endloop
  endfacet
  facet normal 0 0 1
    outer loop
      vertex 150 78.1917 2425
      vertex 1200 78.1917 2425
      vertex 1200 150 2425
    endloop
  endfacet
  facet normal 0 0 1
    outer loop
      vertex 1200 78.1917 2425
      vertex 150 78.1917 2425
      vertex 1200 51.9982 2425
    endloop
  endfacet
  facet normal 0 0 1
    outer loop
      vertex 150 78.1917 2425
      vertex 1200 150 2425
      vertex 150 150 2425
    endloop
  endfacet
  facet normal 0 0 1
    outer loop
      vertex 150 51.9982 2425
      vertex 1200 51.9982 2425
      vertex 150 78.1917 2425
    endloop
  endfacet
  facet normal 0 0 1
    outer loop
      vertex 1200 51.9982 2425
      vertex 150 51.9982 2425
      vertex 1200 50 2425
    endloop
  endfacet
  facet normal 0 0 1
    outer loop
      vertex 1200 50 2425
      vertex 150 51.9982 2425
      vertex 150 50 2425
    endloop
  endfacet
  facet normal -0 0 1
    outer loop
      vertex 1200 78.1917 2425
      vertex 1300 51.9982 2425
      vertex 1300 78.1917 2425
    endloop
  endfacet
  facet normal 0 0 1
    outer loop
      vertex 1300 51.9982 2425
      vertex 1200 78.1917 2425
      vertex 1200 51.9982 2425
    endloop
  endfacet
  facet normal 0 0 1
    outer loop
      vertex 1300 78.1917 2425
      vertex 2350 78.1917 2425
      vertex 2350 150 2425
    endloop
  endfacet
  facet normal 0 0 1
    outer loop
      vertex 2350 78.1917 2425
      vertex 1300 78.1917 2425
      vertex 2350 51.9982 2425
    endloop
  endfacet
  facet normal 0 0 1
    outer loop
      vertex 1300 78.1917 2425
      vertex 2350 150 2425
      vertex 1300 150 2425
    endloop
  endfacet
  facet normal 0 0 1
    outer loop
      vertex 1300 51.9982 2425
      vertex 2350 51.9982 2425
      vertex 1300 78.1917 2425
    endloop
  endfacet
  facet normal 0 0 1
    outer loop
      vertex 2350 51.9982 2425
      vertex 1300 51.9982 2425
      vertex 2350 50 2425
    endloop
  endfacet
  facet normal 0 0 1
    outer loop
      vertex 2350 50 2425
      vertex 1300 51.9982 2425
      vertex 1300 50 2425
    endloop
  endfacet
  facet normal -0 0 1
    outer loop
      vertex 2350 78.1917 2425
      vertex 2450 51.9982 2425
      vertex 2450 78.1917 2425
    endloop
  endfacet
  facet normal 0 0 1
    outer loop
      vertex 2450 51.9982 2425
      vertex 2350 78.1917 2425
      vertex 2350 51.9982 2425
    endloop
  endfacet
  facet normal 0 0 1
    outer loop
      vertex 2450 78.1917 2425
      vertex 3550 78.1917 2425
      vertex 3550 150 2425
    endloop
  endfacet
  facet normal 0 0 1
    outer loop
      vertex 3550 78.1917 2425
      vertex 2450 78.1917 2425
      vertex 3550 51.9982 2425
    endloop
  endfacet
  facet normal 0 0 1
    outer loop
      vertex 2450 78.1917 2425
      vertex 3550 150 2425
      vertex 2450 150 2425
    endloop
  endfacet
  facet normal 0 0 1
    outer loop
      vertex 2450 51.9982 2425
      vertex 3550 51.9982 2425
      vertex 2450 78.1917 2425
    endloop
  endfacet
  facet normal 0 0 1
    outer loop
      vertex 3550 51.9982 2425
      vertex 2450 51.9982 2425
      vertex 3550 50 2425
    endloop
  endfacet
  facet normal 0 0 1
    outer loop
      vertex 3550 50 2425
      vertex 2450 51.9982 2425
      vertex 2450 50 2425
    endloop
  endfacet
  facet normal -0 0 1
    outer loop
      vertex 3550 78.1917 2425
      vertex 3650 51.9982 2425
      vertex 3650 78.1917 2425
    endloop
  endfacet
  facet normal 0 0 1
    outer loop
      vertex 3650 51.9982 2425
      vertex 3550 78.1917 2425
      vertex 3550 51.9982 2425
    endloop
  endfacet
  facet normal 0 0 1
    outer loop
      vertex 3650 78.1917 2425
      vertex 4700 78.1917 2425
      vertex 4700 150 2425
    endloop
  endfacet
  facet normal 0 0 1
    outer loop
      vertex 4700 78.1917 2425
      vertex 3650 78.1917 2425
      vertex 4700 51.9982 2425
    endloop
  endfacet
  facet normal 0 0 1
    outer loop
      vertex 3650 78.1917 2425
      vertex 4700 150 2425
      vertex 3650 150 2425
    endloop
  endfacet
  facet normal 0 0 1
    outer loop
      vertex 3650 51.9982 2425
      vertex 4700 51.9982 2425
      vertex 3650 78.1917 2425
    endloop
  endfacet
  facet normal 0 0 1
    outer loop
      vertex 4700 51.9982 2425
      vertex 3650 51.9982 2425
      vertex 4700 50 2425
    endloop
  endfacet
  facet normal 0 0 1
    outer loop
      vertex 4700 50 2425
      vertex 3650 51.9982 2425
      vertex 3650 50 2425
    endloop
  endfacet
  facet normal -0 0 1
    outer loop
      vertex 4700 78.1917 2425
      vertex 4800 51.9982 2425
      vertex 4800 78.1917 2425
    endloop
  endfacet
  facet normal 0 0 1
    outer loop
      vertex 4800 51.9982 2425
      vertex 4700 78.1917 2425
      vertex 4700 51.9982 2425
    endloop
  endfacet
  facet normal 0 0 1
    outer loop
      vertex 4800 78.1917 2425
      vertex 5850 78.1917 2425
      vertex 5850 150 2425
    endloop
  endfacet
  facet normal 0 0 1
    outer loop
      vertex 5850 78.1917 2425
      vertex 4800 78.1917 2425
      vertex 5850 51.9982 2425
    endloop
  endfacet
  facet normal 0 0 1
    outer loop
      vertex 4800 78.1917 2425
      vertex 5850 150 2425
      vertex 4800 150 2425
    endloop
  endfacet
  facet normal 0 0 1
    outer loop
      vertex 4800 51.9982 2425
      vertex 5850 51.9982 2425
      vertex 4800 78.1917 2425
    endloop
  endfacet
  facet normal 0 0 1
    outer loop
      vertex 5850 51.9982 2425
      vertex 4800 51.9982 2425
      vertex 5850 50 2425
    endloop
  endfacet
  facet normal 0 0 1
    outer loop
      vertex 5850 50 2425
      vertex 4800 51.9982 2425
      vertex 4800 50 2425
    endloop
  endfacet
  facet normal -0 0 1
    outer loop
      vertex 5850 78.1917 2425
      vertex 5950 51.9982 2425
      vertex 5950 78.1917 2425
    endloop
  endfacet
  facet normal 0 0 1
    outer loop
      vertex 5950 51.9982 2425
      vertex 5850 78.1917 2425
      vertex 5850 51.9982 2425
    endloop
  endfacet
  facet normal 0 0 -1
    outer loop
      vertex 5950 50 2375
      vertex 5850 51.0003 2375
      vertex 5950 51.0003 2375
    endloop
  endfacet
  facet normal 0 0 -1
    outer loop
      vertex 5850 51.0003 2375
      vertex 4800 51.0003 2375
      vertex 5850 93.9567 2375
    endloop
  endfacet
  facet normal 0 0 -1
    outer loop
      vertex 5950 50 2375
      vertex 4800 51.0003 2375
      vertex 5850 51.0003 2375
    endloop
  endfacet
  facet normal 0 0 -1
    outer loop
      vertex 5950 50 2375
      vertex 4700 51.0003 2375
      vertex 4800 51.0003 2375
    endloop
  endfacet
  facet normal 0 0 -1
    outer loop
      vertex 4700 51.0003 2375
      vertex 3650 51.0003 2375
      vertex 4700 93.9567 2375
    endloop
  endfacet
  facet normal 0 0 -1
    outer loop
      vertex 5950 50 2375
      vertex 3650 51.0003 2375
      vertex 4700 51.0003 2375
    endloop
  endfacet
  facet normal 0 0 -1
    outer loop
      vertex 5950 50 2375
      vertex 3550 51.0003 2375
      vertex 3650 51.0003 2375
    endloop
  endfacet
  facet normal 0 0 -1
    outer loop
      vertex 3550 51.0003 2375
      vertex 2450 51.0003 2375
      vertex 3550 93.9567 2375
    endloop
  endfacet
  facet normal 0 0 -1
    outer loop
      vertex 5950 50 2375
      vertex 2450 51.0003 2375
      vertex 3550 51.0003 2375
    endloop
  endfacet
  facet normal 0 0 -1
    outer loop
      vertex 5950 50 2375
      vertex 2350 51.0003 2375
      vertex 2450 51.0003 2375
    endloop
  endfacet
  facet normal 0 0 -1
    outer loop
      vertex 2350 51.0003 2375
      vertex 1300 51.0003 2375
      vertex 2350 93.9567 2375
    endloop
  endfacet
  facet normal 0 0 -1
    outer loop
      vertex 5950 50 2375
      vertex 1300 51.0003 2375
      vertex 2350 51.0003 2375
    endloop
  endfacet
  facet normal 0 0 -1
    outer loop
      vertex 5950 50 2375
      vertex 1200 51.0003 2375
      vertex 1300 51.0003 2375
    endloop
  endfacet
  facet normal 0 0 -1
    outer loop
      vertex 1200 51.0003 2375
      vertex 150 51.0003 2375
      vertex 1200 93.9567 2375
    endloop
  endfacet
  facet normal 0 0 -1
    outer loop
      vertex 50 50 2375
      vertex 1200 51.0003 2375
      vertex 5950 50 2375
    endloop
  endfacet
  facet normal -0 0 -1
    outer loop
      vertex 1200 51.0003 2375
      vertex 50 50 2375
      vertex 150 51.0003 2375
    endloop
  endfacet
  facet normal -0 0 -1
    outer loop
      vertex 150 51.0003 2375
      vertex 50 50 2375
      vertex 50 51.0003 2375
    endloop
  endfacet
  facet normal 0 0 -1
    outer loop
      vertex 5850 93.9567 2375
      vertex 5950 150 2375
      vertex 5950 93.9567 2375
    endloop
  endfacet
  facet normal 0 0 -1
    outer loop
      vertex 4800 93.9567 2375
      vertex 5850 93.9567 2375
      vertex 4800 51.0003 2375
    endloop
  endfacet
  facet normal 0 0 -1
    outer loop
      vertex 5850 93.9567 2375
      vertex 4800 93.9567 2375
      vertex 5950 150 2375
    endloop
  endfacet
  facet normal 0 0 -1
    outer loop
      vertex 4700 93.9567 2375
      vertex 5950 150 2375
      vertex 4800 93.9567 2375
    endloop
  endfacet
  facet normal 0 0 -1
    outer loop
      vertex 3650 93.9567 2375
      vertex 4700 93.9567 2375
      vertex 3650 51.0003 2375
    endloop
  endfacet
  facet normal 0 0 -1
    outer loop
      vertex 4700 93.9567 2375
      vertex 3650 93.9567 2375
      vertex 5950 150 2375
    endloop
  endfacet
  facet normal 0 0 -1
    outer loop
      vertex 3550 93.9567 2375
      vertex 5950 150 2375
      vertex 3650 93.9567 2375
    endloop
  endfacet
  facet normal 0 0 -1
    outer loop
      vertex 2450 93.9567 2375
      vertex 3550 93.9567 2375
      vertex 2450 51.0003 2375
    endloop
  endfacet
  facet normal 0 0 -1
    outer loop
      vertex 2450 93.9567 2375
      vertex 5950 150 2375
      vertex 3550 93.9567 2375
    endloop
  endfacet
  facet normal 0 0 -1
    outer loop
      vertex 2350 93.9567 2375
      vertex 5950 150 2375
      vertex 2450 93.9567 2375
    endloop
  endfacet
  facet normal 0 0 -1
    outer loop
      vertex 1300 93.9567 2375
      vertex 2350 93.9567 2375
      vertex 1300 51.0003 2375
    endloop
  endfacet
  facet normal 0 0 -1
    outer loop
      vertex 50 150 2375
      vertex 2350 93.9567 2375
      vertex 1300 93.9567 2375
    endloop
  endfacet
  facet normal 0 0 -1
    outer loop
      vertex 50 150 2375
      vertex 1300 93.9567 2375
      vertex 1200 93.9567 2375
    endloop
  endfacet
  facet normal 0 0 -1
    outer loop
      vertex 150 93.9567 2375
      vertex 1200 93.9567 2375
      vertex 150 51.0003 2375
    endloop
  endfacet
  facet normal 0 0 -1
    outer loop
      vertex 50 150 2375
      vertex 1200 93.9567 2375
      vertex 150 93.9567 2375
    endloop
  endfacet
  facet normal 0 0 -1
    outer loop
      vertex 50 150 2375
      vertex 150 93.9567 2375
      vertex 50 93.9567 2375
    endloop
  endfacet
  facet normal 0 0 -1
    outer loop
      vertex 2350 93.9567 2375
      vertex 50 150 2375
      vertex 5950 150 2375
    endloop
  endfacet
  facet normal 0 0 -1
    outer loop
      vertex 50 75 50
      vertex 150 125 50
      vertex 150 75 50
    endloop
  endfacet
  facet normal -0 0 -1
    outer loop
      vertex 150 125 50
      vertex 50 75 50
      vertex 50 125 50
    endloop
  endfacet
  facet normal -1 0 0
    outer loop
      vertex 50 75 50
      vertex 50 125 2350
      vertex 50 125 50
    endloop
  endfacet
  facet normal -1 -0 0
    outer loop
      vertex 50 125 2350
      vertex 50 75 50
      vertex 50 75 2350
    endloop
  endfacet
  facet normal 1 -0 0
    outer loop
      vertex 150 75 2350
      vertex 150 125 50
      vertex 150 125 2350
    endloop
  endfacet
  facet normal 1 0 0
    outer loop
      vertex 150 125 50
      vertex 150 75 2350
      vertex 150 75 50
    endloop
  endfacet
  facet normal 0 -1 0
    outer loop
      vertex 50 75 50
      vertex 150 75 2350
      vertex 50 75 2350
    endloop
  endfacet
  facet normal 0 -1 -0
    outer loop
      vertex 150 75 2350
      vertex 50 75 50
      vertex 150 75 50
    endloop
  endfacet
  facet normal 0 1 -0
    outer loop
      vertex 150 125 50
      vertex 50 125 2350
      vertex 150 125 2350
    endloop
  endfacet
  facet normal 0 1 0
    outer loop
      vertex 50 125 2350
      vertex 150 125 50
      vertex 50 125 50
    endloop
  endfacet
  facet normal -0 0 1
    outer loop
      vertex 50 125 2350
      vertex 150 75 2350
      vertex 150 125 2350
    endloop
  endfacet
  facet normal 0 0 1
    outer loop
      vertex 150 75 2350
      vertex 50 125 2350
      vertex 50 75 2350
    endloop
  endfacet
  facet normal 0 0 -1
    outer loop
      vertex 650 75 50
      vertex 750 125 50
      vertex 750 75 50
    endloop
  endfacet
  facet normal -0 0 -1
    outer loop
      vertex 750 125 50
      vertex 650 75 50
      vertex 650 125 50
    endloop
  endfacet
  facet normal -1 0 0
    outer loop
      vertex 650 75 50
      vertex 650 125 2350
      vertex 650 125 50
    endloop
  endfacet
  facet normal -1 -0 0
    outer loop
      vertex 650 125 2350
      vertex 650 75 50
      vertex 650 75 2350
    endloop
  endfacet
  facet normal 1 -0 0
    outer loop
      vertex 750 75 2350
      vertex 750 125 50
      vertex 750 125 2350
    endloop
  endfacet
  facet normal 1 0 0
    outer loop
      vertex 750 125 50
      vertex 750 75 2350
      vertex 750 75 50
    endloop
  endfacet
  facet normal 0 -1 0
    outer loop
      vertex 650 75 50
      vertex 750 75 2350
      vertex 650 75 2350
    endloop
  endfacet
  facet normal 0 -1 -0
    outer loop
      vertex 750 75 2350
      vertex 650 75 50
      vertex 750 75 50
    endloop
  endfacet
  facet normal 0 1 -0
    outer loop
      vertex 750 125 50
      vertex 650 125 2350
      vertex 750 125 2350
    endloop
  endfacet
  facet normal 0 1 0
    outer loop
      vertex 650 125 2350
      vertex 750 125 50
      vertex 650 125 50
    endloop
  endfacet
  facet normal -0 0 1
    outer loop
      vertex 650 125 2350
      vertex 750 75 2350
      vertex 750 125 2350
    endloop
  endfacet
  facet normal 0 0 1
    outer loop
      vertex 750 75 2350
      vertex 650 125 2350
      vertex 650 75 2350
    endloop
  endfacet
  facet normal 0 0 -1
    outer loop
      vertex 1250 75 50
      vertex 1350 125 50
      vertex 1350 75 50
    endloop
  endfacet
  facet normal -0 0 -1
    outer loop
      vertex 1350 125 50
      vertex 1250 75 50
      vertex 1250 125 50
    endloop
  endfacet
  facet normal -0 0 1
    outer loop
      vertex 1250 125 2350
      vertex 1350 75 2350
      vertex 1350 125 2350
    endloop
  endfacet
  facet normal 0 0 1
    outer loop
      vertex 1350 75 2350
      vertex 1250 125 2350
      vertex 1250 75 2350
    endloop
  endfacet
  facet normal -1 0 0
    outer loop
      vertex 1250 75 50
      vertex 1250 125 2350
      vertex 1250 125 50
    endloop
  endfacet
  facet normal -1 -0 0
    outer loop
      vertex 1250 125 2350
      vertex 1250 75 50
      vertex 1250 75 2350
    endloop
  endfacet
  facet normal 1 -0 0
    outer loop
      vertex 1350 75 2350
      vertex 1350 125 50
      vertex 1350 125 2350
    endloop
  endfacet
  facet normal 1 0 0
    outer loop
      vertex 1350 125 50
      vertex 1350 75 2350
      vertex 1350 75 50
    endloop
  endfacet
  facet normal 0 -1 0
    outer loop
      vertex 1250 75 50
      vertex 1350 75 2350
      vertex 1250 75 2350
    endloop
  endfacet
  facet normal 0 -1 -0
    outer loop
      vertex 1350 75 2350
      vertex 1250 75 50
      vertex 1350 75 50
    endloop
  endfacet
  facet normal 0 1 -0
    outer loop
      vertex 1350 125 50
      vertex 1250 125 2350
      vertex 1350 125 2350
    endloop
  endfacet
  facet normal 0 1 0
    outer loop
      vertex 1250 125 2350
      vertex 1350 125 50
      vertex 1250 125 50
    endloop
  endfacet
  facet normal 0 0 -1
    outer loop
      vertex 4650 75 50
      vertex 4750 125 50
      vertex 4750 75 50
    endloop
  endfacet
  facet normal -0 0 -1
    outer loop
      vertex 4750 125 50
      vertex 4650 75 50
      vertex 4650 125 50
    endloop
  endfacet
  facet normal -0 0 1
    outer loop
      vertex 4650 125 2350
      vertex 4750 75 2350
      vertex 4750 125 2350
    endloop
  endfacet
  facet normal 0 0 1
    outer loop
      vertex 4750 75 2350
      vertex 4650 125 2350
      vertex 4650 75 2350
    endloop
  endfacet
  facet normal -1 0 0
    outer loop
      vertex 4650 75 50
      vertex 4650 125 2350
      vertex 4650 125 50
    endloop
  endfacet
  facet normal -1 -0 0
    outer loop
      vertex 4650 125 2350
      vertex 4650 75 50
      vertex 4650 75 2350
    endloop
  endfacet
  facet normal 1 -0 0
    outer loop
      vertex 4750 75 2350
      vertex 4750 125 50
      vertex 4750 125 2350
    endloop
  endfacet
  facet normal 1 0 0
    outer loop
      vertex 4750 125 50
      vertex 4750 75 2350
      vertex 4750 75 50
    endloop
  endfacet
  facet normal 0 -1 0
    outer loop
      vertex 4650 75 50
      vertex 4750 75 2350
      vertex 4650 75 2350
    endloop
  endfacet
  facet normal 0 -1 -0
    outer loop
      vertex 4750 75 2350
      vertex 4650 75 50
      vertex 4750 75 50
    endloop
  endfacet
  facet normal 0 1 -0
    outer loop
      vertex 4750 125 50
      vertex 4650 125 2350
      vertex 4750 125 2350
    endloop
  endfacet
  facet normal 0 1 0
    outer loop
      vertex 4650 125 2350
      vertex 4750 125 50
      vertex 4650 125 50
    endloop
  endfacet
  facet normal 0 0 -1
    outer loop
      vertex 5250 75 50
      vertex 5350 125 50
      vertex 5350 75 50
    endloop
  endfacet
  facet normal -0 0 -1
    outer loop
      vertex 5350 125 50
      vertex 5250 75 50
      vertex 5250 125 50
    endloop
  endfacet
  facet normal -0 0 1
    outer loop
      vertex 5250 125 2350
      vertex 5350 75 2350
      vertex 5350 125 2350
    endloop
  endfacet
  facet normal 0 0 1
    outer loop
      vertex 5350 75 2350
      vertex 5250 125 2350
      vertex 5250 75 2350
    endloop
  endfacet
  facet normal -1 0 0
    outer loop
      vertex 5250 75 50
      vertex 5250 125 2350
      vertex 5250 125 50
    endloop
  endfacet
  facet normal -1 -0 0
    outer loop
      vertex 5250 125 2350
      vertex 5250 75 50
      vertex 5250 75 2350
    endloop
  endfacet
  facet normal 1 -0 0
    outer loop
      vertex 5350 75 2350
      vertex 5350 125 50
      vertex 5350 125 2350
    endloop
  endfacet
  facet normal 1 0 0
    outer loop
      vertex 5350 125 50
      vertex 5350 75 2350
      vertex 5350 75 50
    endloop
  endfacet
  facet normal 0 -1 0
    outer loop
      vertex 5250 75 50
      vertex 5350 75 2350
      vertex 5250 75 2350
    endloop
  endfacet
  facet normal 0 -1 -0
    outer loop
      vertex 5350 75 2350
      vertex 5250 75 50
      vertex 5350 75 50
    endloop
  endfacet
  facet normal 0 1 -0
    outer loop
      vertex 5350 125 50
      vertex 5250 125 2350
      vertex 5350 125 2350
    endloop
  endfacet
  facet normal 0 1 0
    outer loop
      vertex 5250 125 2350
      vertex 5350 125 50
      vertex 5250 125 50
    endloop
  endfacet
  facet normal 0 0 -1
    outer loop
      vertex 5850 75 50
      vertex 5950 125 50
      vertex 5950 75 50
    endloop
  endfacet
  facet normal -0 0 -1
    outer loop
      vertex 5950 125 50
      vertex 5850 75 50
      vertex 5850 125 50
    endloop
  endfacet
  facet normal -0 0 1
    outer loop
      vertex 5850 125 2350
      vertex 5950 75 2350
      vertex 5950 125 2350
    endloop
  endfacet
  facet normal 0 0 1
    outer loop
      vertex 5950 75 2350
      vertex 5850 125 2350
      vertex 5850 75 2350
    endloop
  endfacet
  facet normal -1 0 0
    outer loop
      vertex 5850 75 50
      vertex 5850 125 2350
      vertex 5850 125 50
    endloop
  endfacet
  facet normal -1 -0 0
    outer loop
      vertex 5850 125 2350
      vertex 5850 75 50
      vertex 5850 75 2350
    endloop
  endfacet
  facet normal 1 -0 0
    outer loop
      vertex 5950 75 2350
      vertex 5950 125 50
      vertex 5950 125 2350
    endloop
  endfacet
  facet normal 1 0 0
    outer loop
      vertex 5950 125 50
      vertex 5950 75 2350
      vertex 5950 75 50
    endloop
  endfacet
  facet normal 0 -1 0
    outer loop
      vertex 5850 75 50
      vertex 5950 75 2350
      vertex 5850 75 2350
    endloop
  endfacet
  facet normal 0 -1 -0
    outer loop
      vertex 5950 75 2350
      vertex 5850 75 50
      vertex 5950 75 50
    endloop
  endfacet
  facet normal 0 1 -0
    outer loop
      vertex 5950 125 50
      vertex 5850 125 2350
      vertex 5950 125 2350
    endloop
  endfacet
  facet normal 0 1 0
    outer loop
      vertex 5850 125 2350
      vertex 5950 125 50
      vertex 5850 125 50
    endloop
  endfacet
  facet normal -1 0 0
    outer loop
      vertex 50 4850 -25
      vertex 50 4950 25
      vertex 50 4950 -25
    endloop
  endfacet
  facet normal -1 -0 0
    outer loop
      vertex 50 4950 25
      vertex 50 4850 -25
      vertex 50 4850 25
    endloop
  endfacet
  facet normal 1 -0 0
    outer loop
      vertex 5950 4850 25
      vertex 5950 4950 -25
      vertex 5950 4950 25
    endloop
  endfacet
  facet normal 1 0 0
    outer loop
      vertex 5950 4950 -25
      vertex 5950 4850 25
      vertex 5950 4850 -25
    endloop
  endfacet
  facet normal 0 -1 0
    outer loop
      vertex 50 4850 -25
      vertex 100 4850 25
      vertex 50 4850 25
    endloop
  endfacet
  facet normal 0 -1 -0
    outer loop
      vertex 100 4850 25
      vertex 50 4850 -25
      vertex 100 4850 -25
    endloop
  endfacet
  facet normal 0 -1 0
    outer loop
      vertex 5900 4850 -25
      vertex 5950 4850 25
      vertex 5900 4850 25
    endloop
  endfacet
  facet normal 0 -1 -0
    outer loop
      vertex 5950 4850 25
      vertex 5900 4850 -25
      vertex 5950 4850 -25
    endloop
  endfacet
  facet normal 0 -1 0
    outer loop
      vertex 200 4850 -25
      vertex 5800 4850 25
      vertex 200 4850 25
    endloop
  endfacet
  facet normal 0 -1 -0
    outer loop
      vertex 5800 4850 25
      vertex 200 4850 -25
      vertex 5800 4850 -25
    endloop
  endfacet
  facet normal 0 1 -0
    outer loop
      vertex 5950 4950 -25
      vertex 50 4950 25
      vertex 5950 4950 25
    endloop
  endfacet
  facet normal 0 1 0
    outer loop
      vertex 50 4950 25
      vertex 5950 4950 -25
      vertex 50 4950 -25
    endloop
  endfacet
  facet normal 0 0 -1
    outer loop
      vertex 200 3750 -25
      vertex 100 3750 -25
      vertex 200 4850 -25
    endloop
  endfacet
  facet normal 0 0 -1
    outer loop
      vertex 5900 3750 -25
      vertex 5800 3750 -25
      vertex 5900 4850 -25
    endloop
  endfacet
  facet normal 0 0 -1
    outer loop
      vertex 5900 4850 -25
      vertex 5950 4950 -25
      vertex 5950 4850 -25
    endloop
  endfacet
  facet normal 0 0 -1
    outer loop
      vertex 5800 4850 -25
      vertex 5900 4850 -25
      vertex 5800 3750 -25
    endloop
  endfacet
  facet normal 0 0 -1
    outer loop
      vertex 5800 4850 -25
      vertex 5950 4950 -25
      vertex 5900 4850 -25
    endloop
  endfacet
  facet normal 0 0 -1
    outer loop
      vertex 200 4850 -25
      vertex 5950 4950 -25
      vertex 5800 4850 -25
    endloop
  endfacet
  facet normal 0 0 -1
    outer loop
      vertex 100 4850 -25
      vertex 200 4850 -25
      vertex 100 3750 -25
    endloop
  endfacet
  facet normal 0 0 -1
    outer loop
      vertex 50 4950 -25
      vertex 200 4850 -25
      vertex 100 4850 -25
    endloop
  endfacet
  facet normal 0 0 -1
    outer loop
      vertex 50 4950 -25
      vertex 100 4850 -25
      vertex 50 4850 -25
    endloop
  endfacet
  facet normal 0 0 -1
    outer loop
      vertex 200 4850 -25
      vertex 50 4950 -25
      vertex 5950 4950 -25
    endloop
  endfacet
  facet normal 0 0 -1
    outer loop
      vertex 5800 3725 25
      vertex 5900 3750 25
      vertex 5900 3725 25
    endloop
  endfacet
  facet normal -0 0 -1
    outer loop
      vertex 5900 3750 25
      vertex 5800 3725 25
      vertex 5800 3750 25
    endloop
  endfacet
  facet normal 0 0 -1
    outer loop
      vertex 100 3725 25
      vertex 200 3750 25
      vertex 200 3725 25
    endloop
  endfacet
  facet normal -0 0 -1
    outer loop
      vertex 200 3750 25
      vertex 100 3725 25
      vertex 100 3750 25
    endloop
  endfacet
  facet normal 0 0 1
    outer loop
      vertex 5950 4950 25
      vertex 5900 4850 25
      vertex 5950 4850 25
    endloop
  endfacet
  facet normal 0 0 1
    outer loop
      vertex 5805 4795 25
      vertex 5900 4850 25
      vertex 5805 4805 25
    endloop
  endfacet
  facet normal 0 0 1
    outer loop
      vertex 5800 4850 25
      vertex 5900 4850 25
      vertex 5950 4950 25
    endloop
  endfacet
  facet normal 0 0 1
    outer loop
      vertex 5900 4850 25
      vertex 5800 4850 25
      vertex 5805 4805 25
    endloop
  endfacet
  facet normal 0 0 1
    outer loop
      vertex 5950 4950 25
      vertex 200 4850 25
      vertex 5800 4850 25
    endloop
  endfacet
  facet normal 0 0 1
    outer loop
      vertex 200 4850 25
      vertex 100 4850 25
      vertex 200 4375 25
    endloop
  endfacet
  facet normal -0 0 1
    outer loop
      vertex 50 4950 25
      vertex 200 4850 25
      vertex 5950 4950 25
    endloop
  endfacet
  facet normal 0 0 1
    outer loop
      vertex 200 4850 25
      vertex 50 4950 25
      vertex 100 4850 25
    endloop
  endfacet
  facet normal 0 0 1
    outer loop
      vertex 100 4850 25
      vertex 50 4950 25
      vertex 50 4850 25
    endloop
  endfacet
  facet normal 0 0 1
    outer loop
      vertex 5900 4850 25
      vertex 5805 4795 25
      vertex 5900 4375 25
    endloop
  endfacet
  facet normal 0 0 1
    outer loop
      vertex 5800 4375 25
      vertex 5805 4795 25
      vertex 5800 4795 25
    endloop
  endfacet
  facet normal 0 0 1
    outer loop
      vertex 5805 4795 25
      vertex 5800 4375 25
      vertex 5900 4375 25
    endloop
  endfacet
  facet normal 0 0 1
    outer loop
      vertex 5805 4805 25
      vertex 5800 4850 25
      vertex 5800 4805 25
    endloop
  endfacet
  facet normal 0 0 1
    outer loop
      vertex 200 4375 25
      vertex 100 4850 25
      vertex 100 4375 25
    endloop
  endfacet
  facet normal -0 0 1
    outer loop
      vertex 5800 4325 25
      vertex 5900 3775 25
      vertex 5900 4325 25
    endloop
  endfacet
  facet normal 0 0 1
    outer loop
      vertex 5900 3775 25
      vertex 5800 4325 25
      vertex 5800 3775 25
    endloop
  endfacet
  facet normal -0 0 1
    outer loop
      vertex 100 4325 25
      vertex 200 3775 25
      vertex 200 4325 25
    endloop
  endfacet
  facet normal 0 0 1
    outer loop
      vertex 200 3775 25
      vertex 100 4325 25
      vertex 100 3775 25
    endloop
  endfacet
  facet normal 0 -1 0
    outer loop
      vertex 50 4850 2375
      vertex 150 4850 2414.24
      vertex 50 4850 2414.24
    endloop
  endfacet
  facet normal 0 -1 -0
    outer loop
      vertex 150 4850 2414.24
      vertex 50 4850 2375
      vertex 1200 4850 2414.24
    endloop
  endfacet
  facet normal 0 -1 -0
    outer loop
      vertex 1200 4850 2414.24
      vertex 50 4850 2375
      vertex 1300 4850 2414.24
    endloop
  endfacet
  facet normal 0 -1 -0
    outer loop
      vertex 1300 4850 2414.24
      vertex 50 4850 2375
      vertex 2350 4850 2414.24
    endloop
  endfacet
  facet normal 0 -1 -0
    outer loop
      vertex 2350 4850 2414.24
      vertex 50 4850 2375
      vertex 2450 4850 2414.24
    endloop
  endfacet
  facet normal 0 -1 -0
    outer loop
      vertex 2450 4850 2414.24
      vertex 50 4850 2375
      vertex 3550 4850 2414.24
    endloop
  endfacet
  facet normal 0 -1 -0
    outer loop
      vertex 3550 4850 2414.24
      vertex 50 4850 2375
      vertex 3650 4850 2414.24
    endloop
  endfacet
  facet normal 0 -1 0
    outer loop
      vertex 5950 4850 2375
      vertex 3650 4850 2414.24
      vertex 50 4850 2375
    endloop
  endfacet
  facet normal 0 -1 0
    outer loop
      vertex 3650 4850 2414.24
      vertex 5950 4850 2375
      vertex 4700 4850 2414.24
    endloop
  endfacet
  facet normal 0 -1 0
    outer loop
      vertex 4700 4850 2414.24
      vertex 5950 4850 2375
      vertex 4800 4850 2414.24
    endloop
  endfacet
  facet normal 0 -1 0
    outer loop
      vertex 4800 4850 2414.24
      vertex 5950 4850 2375
      vertex 5850 4850 2414.24
    endloop
  endfacet
  facet normal 0 -1 0
    outer loop
      vertex 5850 4850 2414.24
      vertex 5950 4850 2375
      vertex 5950 4850 2414.24
    endloop
  endfacet
  facet normal 0 -1 0
    outer loop
      vertex 150 4850 2414.24
      vertex 1200 4850 2425
      vertex 150 4850 2425
    endloop
  endfacet
  facet normal 0 -1 -0
    outer loop
      vertex 1200 4850 2425
      vertex 150 4850 2414.24
      vertex 1200 4850 2414.24
    endloop
  endfacet
  facet normal 0 -1 0
    outer loop
      vertex 1300 4850 2414.24
      vertex 2350 4850 2425
      vertex 1300 4850 2425
    endloop
  endfacet
  facet normal 0 -1 -0
    outer loop
      vertex 2350 4850 2425
      vertex 1300 4850 2414.24
      vertex 2350 4850 2414.24
    endloop
  endfacet
  facet normal 0 -1 0
    outer loop
      vertex 2450 4850 2414.24
      vertex 3550 4850 2425
      vertex 2450 4850 2425
    endloop
  endfacet
  facet normal 0 -1 -0
    outer loop
      vertex 3550 4850 2425
      vertex 2450 4850 2414.24
      vertex 3550 4850 2414.24
    endloop
  endfacet
  facet normal 0 -1 0
    outer loop
      vertex 3650 4850 2414.24
      vertex 4700 4850 2425
      vertex 3650 4850 2425
    endloop
  endfacet
  facet normal 0 -1 -0
    outer loop
      vertex 4700 4850 2425
      vertex 3650 4850 2414.24
      vertex 4700 4850 2414.24
    endloop
  endfacet
  facet normal 0 -1 0
    outer loop
      vertex 4800 4850 2414.24
      vertex 5850 4850 2425
      vertex 4800 4850 2425
    endloop
  endfacet
  facet normal 0 -1 -0
    outer loop
      vertex 5850 4850 2425
      vertex 4800 4850 2414.24
      vertex 5850 4850 2414.24
    endloop
  endfacet
  facet normal 0 1 -0
    outer loop
      vertex 5950 4950 2375
      vertex 5850 4950 2376.43
      vertex 5950 4950 2376.43
    endloop
  endfacet
  facet normal 0 1 0
    outer loop
      vertex 5850 4950 2376.43
      vertex 5950 4950 2375
      vertex 4800 4950 2376.43
    endloop
  endfacet
  facet normal 0 1 0
    outer loop
      vertex 4800 4950 2376.43
      vertex 5950 4950 2375
      vertex 4700 4950 2376.43
    endloop
  endfacet
  facet normal 0 1 0
    outer loop
      vertex 4700 4950 2376.43
      vertex 5950 4950 2375
      vertex 3650 4950 2376.43
    endloop
  endfacet
  facet normal 0 1 0
    outer loop
      vertex 3650 4950 2376.43
      vertex 5950 4950 2375
      vertex 3550 4950 2376.43
    endloop
  endfacet
  facet normal 0 1 0
    outer loop
      vertex 3550 4950 2376.43
      vertex 5950 4950 2375
      vertex 2450 4950 2376.43
    endloop
  endfacet
  facet normal 0 1 0
    outer loop
      vertex 2450 4950 2376.43
      vertex 5950 4950 2375
      vertex 2350 4950 2376.43
    endloop
  endfacet
  facet normal 0 1 0
    outer loop
      vertex 2350 4950 2376.43
      vertex 5950 4950 2375
      vertex 1300 4950 2376.43
    endloop
  endfacet
  facet normal 0 1 0
    outer loop
      vertex 1300 4950 2376.43
      vertex 5950 4950 2375
      vertex 1200 4950 2376.43
    endloop
  endfacet
  facet normal 0 1 0
    outer loop
      vertex 50 4950 2375
      vertex 1200 4950 2376.43
      vertex 5950 4950 2375
    endloop
  endfacet
  facet normal 0 1 0
    outer loop
      vertex 1200 4950 2376.43
      vertex 50 4950 2375
      vertex 150 4950 2376.43
    endloop
  endfacet
  facet normal 0 1 0
    outer loop
      vertex 150 4950 2376.43
      vertex 50 4950 2375
      vertex 50 4950 2376.43
    endloop
  endfacet
  facet normal 0 1 -0
    outer loop
      vertex 1200 4950 2376.43
      vertex 150 4950 2405.26
      vertex 1200 4950 2405.26
    endloop
  endfacet
  facet normal 0 1 0
    outer loop
      vertex 150 4950 2405.26
      vertex 1200 4950 2376.43
      vertex 150 4950 2376.43
    endloop
  endfacet
  facet normal 0 1 -0
    outer loop
      vertex 2350 4950 2376.43
      vertex 1300 4950 2405.26
      vertex 2350 4950 2405.26
    endloop
  endfacet
  facet normal 0 1 0
    outer loop
      vertex 1300 4950 2405.26
      vertex 2350 4950 2376.43
      vertex 1300 4950 2376.43
    endloop
  endfacet
  facet normal 0 1 -0
    outer loop
      vertex 3550 4950 2376.43
      vertex 2450 4950 2405.26
      vertex 3550 4950 2405.26
    endloop
  endfacet
  facet normal 0 1 0
    outer loop
      vertex 2450 4950 2405.26
      vertex 3550 4950 2376.43
      vertex 2450 4950 2376.43
    endloop
  endfacet
  facet normal 0 1 -0
    outer loop
      vertex 4700 4950 2376.43
      vertex 3650 4950 2405.26
      vertex 4700 4950 2405.26
    endloop
  endfacet
  facet normal 0 1 0
    outer loop
      vertex 3650 4950 2405.26
      vertex 4700 4950 2376.43
      vertex 3650 4950 2376.43
    endloop
  endfacet
  facet normal 0 1 -0
    outer loop
      vertex 5850 4950 2376.43
      vertex 4800 4950 2405.26
      vertex 5850 4950 2405.26
    endloop
  endfacet
  facet normal 0 1 0
    outer loop
      vertex 4800 4950 2405.26
      vertex 5850 4950 2376.43
      vertex 4800 4950 2376.43
    endloop
  endfacet
  facet normal 0 1 0
    outer loop
      vertex 5850 4950 2405.26
      vertex 5850 4950 2421.54
      vertex 5950 4950 2421.54
    endloop
  endfacet
  facet normal 0 1 0
    outer loop
      vertex 5850 4950 2421.54
      vertex 5850 4950 2405.26
      vertex 4800 4950 2421.54
    endloop
  endfacet
  facet normal 0 1 0
    outer loop
      vertex 4800 4950 2421.54
      vertex 4800 4950 2405.26
      vertex 4700 4950 2421.54
    endloop
  endfacet
  facet normal 0 1 0
    outer loop
      vertex 4700 4950 2421.54
      vertex 4700 4950 2405.26
      vertex 3650 4950 2421.54
    endloop
  endfacet
  facet normal 0 1 0
    outer loop
      vertex 3650 4950 2405.26
      vertex 3650 4950 2421.54
      vertex 4700 4950 2405.26
    endloop
  endfacet
  facet normal 0 1 0
    outer loop
      vertex 3650 4950 2421.54
      vertex 3650 4950 2405.26
      vertex 3550 4950 2421.54
    endloop
  endfacet
  facet normal 0 1 0
    outer loop
      vertex 3550 4950 2405.26
      vertex 3550 4950 2421.54
      vertex 3650 4950 2405.26
    endloop
  endfacet
  facet normal 0 1 0
    outer loop
      vertex 3550 4950 2421.54
      vertex 3550 4950 2405.26
      vertex 2450 4950 2421.54
    endloop
  endfacet
  facet normal 0 1 0
    outer loop
      vertex 2450 4950 2405.26
      vertex 2450 4950 2421.54
      vertex 3550 4950 2405.26
    endloop
  endfacet
  facet normal 0 1 0
    outer loop
      vertex 2450 4950 2421.54
      vertex 2450 4950 2405.26
      vertex 2350 4950 2421.54
    endloop
  endfacet
  facet normal 0 1 0
    outer loop
      vertex 5850 4950 2405.26
      vertex 5950 4950 2421.54
      vertex 5950 4950 2405.26
    endloop
  endfacet
  facet normal 0 1 0
    outer loop
      vertex 4800 4950 2421.54
      vertex 5850 4950 2405.26
      vertex 4800 4950 2405.26
    endloop
  endfacet
  facet normal 0 1 0
    outer loop
      vertex 4700 4950 2421.54
      vertex 4800 4950 2405.26
      vertex 4700 4950 2405.26
    endloop
  endfacet
  facet normal 0 1 0
    outer loop
      vertex 2350 4950 2405.26
      vertex 2350 4950 2421.54
      vertex 2450 4950 2405.26
    endloop
  endfacet
  facet normal 0 1 0
    outer loop
      vertex 2350 4950 2421.54
      vertex 2350 4950 2405.26
      vertex 1300 4950 2421.54
    endloop
  endfacet
  facet normal 0 1 0
    outer loop
      vertex 1300 4950 2405.26
      vertex 1300 4950 2421.54
      vertex 2350 4950 2405.26
    endloop
  endfacet
  facet normal 0 1 0
    outer loop
      vertex 1300 4950 2421.54
      vertex 1300 4950 2405.26
      vertex 1200 4950 2421.54
    endloop
  endfacet
  facet normal 0 1 0
    outer loop
      vertex 1200 4950 2405.26
      vertex 1200 4950 2421.54
      vertex 1300 4950 2405.26
    endloop
  endfacet
  facet normal 0 1 0
    outer loop
      vertex 1200 4950 2421.54
      vertex 1200 4950 2405.26
      vertex 150 4950 2421.54
    endloop
  endfacet
  facet normal 0 1 0
    outer loop
      vertex 150 4950 2405.26
      vertex 150 4950 2421.54
      vertex 1200 4950 2405.26
    endloop
  endfacet
  facet normal 0 1 0
    outer loop
      vertex 150 4950 2421.54
      vertex 150 4950 2405.26
      vertex 50 4950 2421.54
    endloop
  endfacet
  facet normal 0 1 0
    outer loop
      vertex 50 4950 2421.54
      vertex 150 4950 2405.26
      vertex 50 4950 2405.26
    endloop
  endfacet
  facet normal 0 1 -0
    outer loop
      vertex 5850 4950 2421.54
      vertex 4800 4950 2425
      vertex 5850 4950 2425
    endloop
  endfacet
  facet normal 0 1 0
    outer loop
      vertex 4800 4950 2425
      vertex 5850 4950 2421.54
      vertex 4800 4950 2421.54
    endloop
  endfacet
  facet normal 0 1 -0
    outer loop
      vertex 4700 4950 2421.54
      vertex 3650 4950 2425
      vertex 4700 4950 2425
    endloop
  endfacet
  facet normal 0 1 0
    outer loop
      vertex 3650 4950 2425
      vertex 4700 4950 2421.54
      vertex 3650 4950 2421.54
    endloop
  endfacet
  facet normal 0 1 -0
    outer loop
      vertex 3550 4950 2421.54
      vertex 2450 4950 2425
      vertex 3550 4950 2425
    endloop
  endfacet
  facet normal 0 1 0
    outer loop
      vertex 2450 4950 2425
      vertex 3550 4950 2421.54
      vertex 2450 4950 2421.54
    endloop
  endfacet
  facet normal 0 1 -0
    outer loop
      vertex 2350 4950 2421.54
      vertex 1300 4950 2425
      vertex 2350 4950 2425
    endloop
  endfacet
  facet normal 0 1 0
    outer loop
      vertex 1300 4950 2425
      vertex 2350 4950 2421.54
      vertex 1300 4950 2421.54
    endloop
  endfacet
  facet normal 0 1 -0
    outer loop
      vertex 1200 4950 2421.54
      vertex 150 4950 2425
      vertex 1200 4950 2425
    endloop
  endfacet
  facet normal 0 1 0
    outer loop
      vertex 150 4950 2425
      vertex 1200 4950 2421.54
      vertex 150 4950 2421.54
    endloop
  endfacet
  facet normal 0 0 -1
    outer loop
      vertex 5950 4850 2375
      vertex 5850 4906.04 2375
      vertex 5950 4906.04 2375
    endloop
  endfacet
  facet normal 0 0 -1
    outer loop
      vertex 5850 4906.04 2375
      vertex 4800 4906.04 2375
      vertex 5850 4949 2375
    endloop
  endfacet
  facet normal 0 0 -1
    outer loop
      vertex 5950 4850 2375
      vertex 4800 4906.04 2375
      vertex 5850 4906.04 2375
    endloop
  endfacet
  facet normal 0 0 -1
    outer loop
      vertex 5950 4850 2375
      vertex 4700 4906.04 2375
      vertex 4800 4906.04 2375
    endloop
  endfacet
  facet normal 0 0 -1
    outer loop
      vertex 4700 4906.04 2375
      vertex 3650 4906.04 2375
      vertex 4700 4949 2375
    endloop
  endfacet
  facet normal 0 0 -1
    outer loop
      vertex 5950 4850 2375
      vertex 3650 4906.04 2375
      vertex 4700 4906.04 2375
    endloop
  endfacet
  facet normal 0 0 -1
    outer loop
      vertex 5950 4850 2375
      vertex 3550 4906.04 2375
      vertex 3650 4906.04 2375
    endloop
  endfacet
  facet normal 0 0 -1
    outer loop
      vertex 3550 4906.04 2375
      vertex 2450 4906.04 2375
      vertex 3550 4949 2375
    endloop
  endfacet
  facet normal 0 0 -1
    outer loop
      vertex 5950 4850 2375
      vertex 2450 4906.04 2375
      vertex 3550 4906.04 2375
    endloop
  endfacet
  facet normal 0 0 -1
    outer loop
      vertex 5950 4850 2375
      vertex 2350 4906.04 2375
      vertex 2450 4906.04 2375
    endloop
  endfacet
  facet normal 0 0 -1
    outer loop
      vertex 2350 4906.04 2375
      vertex 1300 4906.04 2375
      vertex 2350 4949 2375
    endloop
  endfacet
  facet normal 0 0 -1
    outer loop
      vertex 50 4850 2375
      vertex 2350 4906.04 2375
      vertex 5950 4850 2375
    endloop
  endfacet
  facet normal -0 0 -1
    outer loop
      vertex 2350 4906.04 2375
      vertex 50 4850 2375
      vertex 1300 4906.04 2375
    endloop
  endfacet
  facet normal 0 0 -1
    outer loop
      vertex 1200 4906.04 2375
      vertex 150 4906.04 2375
      vertex 1200 4949 2375
    endloop
  endfacet
  facet normal -0 0 -1
    outer loop
      vertex 1300 4906.04 2375
      vertex 50 4850 2375
      vertex 1200 4906.04 2375
    endloop
  endfacet
  facet normal -0 0 -1
    outer loop
      vertex 1200 4906.04 2375
      vertex 50 4850 2375
      vertex 150 4906.04 2375
    endloop
  endfacet
  facet normal -0 0 -1
    outer loop
      vertex 150 4906.04 2375
      vertex 50 4850 2375
      vertex 50 4906.04 2375
    endloop
  endfacet
  facet normal 0 0 -1
    outer loop
      vertex 5850 4949 2375
      vertex 5950 4950 2375
      vertex 5950 4949 2375
    endloop
  endfacet
  facet normal 0 0 -1
    outer loop
      vertex 4800 4949 2375
      vertex 5850 4949 2375
      vertex 4800 4906.04 2375
    endloop
  endfacet
  facet normal 0 0 -1
    outer loop
      vertex 4800 4949 2375
      vertex 5950 4950 2375
      vertex 5850 4949 2375
    endloop
  endfacet
  facet normal 0 0 -1
    outer loop
      vertex 4700 4949 2375
      vertex 5950 4950 2375
      vertex 4800 4949 2375
    endloop
  endfacet
  facet normal 0 0 -1
    outer loop
      vertex 3650 4949 2375
      vertex 4700 4949 2375
      vertex 3650 4906.04 2375
    endloop
  endfacet
  facet normal 0 0 -1
    outer loop
      vertex 3650 4949 2375
      vertex 5950 4950 2375
      vertex 4700 4949 2375
    endloop
  endfacet
  facet normal 0 0 -1
    outer loop
      vertex 3550 4949 2375
      vertex 5950 4950 2375
      vertex 3650 4949 2375
    endloop
  endfacet
  facet normal 0 0 -1
    outer loop
      vertex 2450 4949 2375
      vertex 3550 4949 2375
      vertex 2450 4906.04 2375
    endloop
  endfacet
  facet normal 0 0 -1
    outer loop
      vertex 2450 4949 2375
      vertex 5950 4950 2375
      vertex 3550 4949 2375
    endloop
  endfacet
  facet normal 0 0 -1
    outer loop
      vertex 2350 4949 2375
      vertex 5950 4950 2375
      vertex 2450 4949 2375
    endloop
  endfacet
  facet normal 0 0 -1
    outer loop
      vertex 1300 4949 2375
      vertex 2350 4949 2375
      vertex 1300 4906.04 2375
    endloop
  endfacet
  facet normal 0 0 -1
    outer loop
      vertex 1300 4949 2375
      vertex 5950 4950 2375
      vertex 2350 4949 2375
    endloop
  endfacet
  facet normal 0 0 -1
    outer loop
      vertex 1200 4949 2375
      vertex 5950 4950 2375
      vertex 1300 4949 2375
    endloop
  endfacet
  facet normal 0 0 -1
    outer loop
      vertex 150 4949 2375
      vertex 1200 4949 2375
      vertex 150 4906.04 2375
    endloop
  endfacet
  facet normal 0 0 -1
    outer loop
      vertex 50 4950 2375
      vertex 1200 4949 2375
      vertex 150 4949 2375
    endloop
  endfacet
  facet normal 0 0 -1
    outer loop
      vertex 50 4950 2375
      vertex 150 4949 2375
      vertex 50 4949 2375
    endloop
  endfacet
  facet normal 0 0 -1
    outer loop
      vertex 1200 4949 2375
      vertex 50 4950 2375
      vertex 5950 4950 2375
    endloop
  endfacet
  facet normal -0 0 1
    outer loop
      vertex 50 4948 2425
      vertex 150 4921.81 2425
      vertex 150 4948 2425
    endloop
  endfacet
  facet normal 0 0 1
    outer loop
      vertex 150 4921.81 2425
      vertex 50 4948 2425
      vertex 50 4921.81 2425
    endloop
  endfacet
  facet normal 0 0 1
    outer loop
      vertex 150 4948 2425
      vertex 1200 4948 2425
      vertex 1200 4950 2425
    endloop
  endfacet
  facet normal 0 0 1
    outer loop
      vertex 1200 4948 2425
      vertex 150 4921.81 2425
      vertex 1200 4921.81 2425
    endloop
  endfacet
  facet normal 0 0 1
    outer loop
      vertex 150 4948 2425
      vertex 1200 4950 2425
      vertex 150 4950 2425
    endloop
  endfacet
  facet normal 0 0 1
    outer loop
      vertex 1200 4948 2425
      vertex 150 4948 2425
      vertex 150 4921.81 2425
    endloop
  endfacet
  facet normal 0 0 1
    outer loop
      vertex 1200 4921.81 2425
      vertex 150 4921.81 2425
      vertex 1200 4850 2425
    endloop
  endfacet
  facet normal 0 0 1
    outer loop
      vertex 1200 4850 2425
      vertex 150 4921.81 2425
      vertex 150 4850 2425
    endloop
  endfacet
  facet normal -0 0 1
    outer loop
      vertex 1200 4948 2425
      vertex 1300 4921.81 2425
      vertex 1300 4948 2425
    endloop
  endfacet
  facet normal 0 0 1
    outer loop
      vertex 1300 4921.81 2425
      vertex 1200 4948 2425
      vertex 1200 4921.81 2425
    endloop
  endfacet
  facet normal 0 0 1
    outer loop
      vertex 1300 4948 2425
      vertex 2350 4948 2425
      vertex 2350 4950 2425
    endloop
  endfacet
  facet normal 0 0 1
    outer loop
      vertex 2350 4948 2425
      vertex 1300 4921.81 2425
      vertex 2350 4921.81 2425
    endloop
  endfacet
  facet normal 0 0 1
    outer loop
      vertex 1300 4948 2425
      vertex 2350 4950 2425
      vertex 1300 4950 2425
    endloop
  endfacet
  facet normal 0 0 1
    outer loop
      vertex 2350 4948 2425
      vertex 1300 4948 2425
      vertex 1300 4921.81 2425
    endloop
  endfacet
  facet normal 0 0 1
    outer loop
      vertex 2350 4921.81 2425
      vertex 1300 4921.81 2425
      vertex 2350 4850 2425
    endloop
  endfacet
  facet normal 0 0 1
    outer loop
      vertex 2350 4850 2425
      vertex 1300 4921.81 2425
      vertex 1300 4850 2425
    endloop
  endfacet
  facet normal -0 0 1
    outer loop
      vertex 2350 4948 2425
      vertex 2450 4921.81 2425
      vertex 2450 4948 2425
    endloop
  endfacet
  facet normal 0 0 1
    outer loop
      vertex 2450 4921.81 2425
      vertex 2350 4948 2425
      vertex 2350 4921.81 2425
    endloop
  endfacet
  facet normal 0 0 1
    outer loop
      vertex 2450 4948 2425
      vertex 3550 4948 2425
      vertex 3550 4950 2425
    endloop
  endfacet
  facet normal 0 0 1
    outer loop
      vertex 3550 4948 2425
      vertex 2450 4921.81 2425
      vertex 3550 4921.81 2425
    endloop
  endfacet
  facet normal 0 0 1
    outer loop
      vertex 2450 4948 2425
      vertex 3550 4950 2425
      vertex 2450 4950 2425
    endloop
  endfacet
  facet normal 0 0 1
    outer loop
      vertex 3550 4948 2425
      vertex 2450 4948 2425
      vertex 2450 4921.81 2425
    endloop
  endfacet
  facet normal 0 0 1
    outer loop
      vertex 3550 4921.81 2425
      vertex 2450 4921.81 2425
      vertex 3550 4850 2425
    endloop
  endfacet
  facet normal 0 0 1
    outer loop
      vertex 3550 4850 2425
      vertex 2450 4921.81 2425
      vertex 2450 4850 2425
    endloop
  endfacet
  facet normal -0 0 1
    outer loop
      vertex 3550 4948 2425
      vertex 3650 4921.81 2425
      vertex 3650 4948 2425
    endloop
  endfacet
  facet normal 0 0 1
    outer loop
      vertex 3650 4921.81 2425
      vertex 3550 4948 2425
      vertex 3550 4921.81 2425
    endloop
  endfacet
  facet normal 0 0 1
    outer loop
      vertex 3650 4948 2425
      vertex 4700 4948 2425
      vertex 4700 4950 2425
    endloop
  endfacet
  facet normal 0 0 1
    outer loop
      vertex 4700 4948 2425
      vertex 3650 4921.81 2425
      vertex 4700 4921.81 2425
    endloop
  endfacet
  facet normal 0 0 1
    outer loop
      vertex 3650 4948 2425
      vertex 4700 4950 2425
      vertex 3650 4950 2425
    endloop
  endfacet
  facet normal 0 0 1
    outer loop
      vertex 4700 4948 2425
      vertex 3650 4948 2425
      vertex 3650 4921.81 2425
    endloop
  endfacet
  facet normal 0 0 1
    outer loop
      vertex 4700 4921.81 2425
      vertex 3650 4921.81 2425
      vertex 4700 4850 2425
    endloop
  endfacet
  facet normal 0 0 1
    outer loop
      vertex 4700 4850 2425
      vertex 3650 4921.81 2425
      vertex 3650 4850 2425
    endloop
  endfacet
  facet normal -0 0 1
    outer loop
      vertex 4700 4948 2425
      vertex 4800 4921.81 2425
      vertex 4800 4948 2425
    endloop
  endfacet
  facet normal 0 0 1
    outer loop
      vertex 4800 4921.81 2425
      vertex 4700 4948 2425
      vertex 4700 4921.81 2425
    endloop
  endfacet
  facet normal 0 0 1
    outer loop
      vertex 4800 4948 2425
      vertex 5850 4948 2425
      vertex 5850 4950 2425
    endloop
  endfacet
  facet normal 0 0 1
    outer loop
      vertex 5850 4948 2425
      vertex 4800 4921.81 2425
      vertex 5850 4921.81 2425
    endloop
  endfacet
  facet normal 0 0 1
    outer loop
      vertex 4800 4948 2425
      vertex 5850 4950 2425
      vertex 4800 4950 2425
    endloop
  endfacet
  facet normal 0 0 1
    outer loop
      vertex 5850 4948 2425
      vertex 4800 4948 2425
      vertex 4800 4921.81 2425
    endloop
  endfacet
  facet normal 0 0 1
    outer loop
      vertex 5850 4921.81 2425
      vertex 4800 4921.81 2425
      vertex 5850 4850 2425
    endloop
  endfacet
  facet normal 0 0 1
    outer loop
      vertex 5850 4850 2425
      vertex 4800 4921.81 2425
      vertex 4800 4850 2425
    endloop
  endfacet
  facet normal -0 0 1
    outer loop
      vertex 5850 4948 2425
      vertex 5950 4921.81 2425
      vertex 5950 4948 2425
    endloop
  endfacet
  facet normal 0 0 1
    outer loop
      vertex 5950 4921.81 2425
      vertex 5850 4948 2425
      vertex 5850 4921.81 2425
    endloop
  endfacet
  facet normal 0 0 -1
    outer loop
      vertex 50 4875 50
      vertex 150 4925 50
      vertex 150 4875 50
    endloop
  endfacet
  facet normal -0 0 -1
    outer loop
      vertex 150 4925 50
      vertex 50 4875 50
      vertex 50 4925 50
    endloop
  endfacet
  facet normal -0 0 1
    outer loop
      vertex 50 4925 2350
      vertex 150 4875 2350
      vertex 150 4925 2350
    endloop
  endfacet
  facet normal 0 0 1
    outer loop
      vertex 150 4875 2350
      vertex 50 4925 2350
      vertex 50 4875 2350
    endloop
  endfacet
  facet normal -1 0 0
    outer loop
      vertex 50 4875 50
      vertex 50 4925 2350
      vertex 50 4925 50
    endloop
  endfacet
  facet normal -1 -0 0
    outer loop
      vertex 50 4925 2350
      vertex 50 4875 50
      vertex 50 4875 2350
    endloop
  endfacet
  facet normal 1 -0 0
    outer loop
      vertex 150 4875 2350
      vertex 150 4925 50
      vertex 150 4925 2350
    endloop
  endfacet
  facet normal 1 0 0
    outer loop
      vertex 150 4925 50
      vertex 150 4875 2350
      vertex 150 4875 50
    endloop
  endfacet
  facet normal 0 -1 0
    outer loop
      vertex 50 4875 50
      vertex 150 4875 2350
      vertex 50 4875 2350
    endloop
  endfacet
  facet normal 0 -1 -0
    outer loop
      vertex 150 4875 2350
      vertex 50 4875 50
      vertex 150 4875 50
    endloop
  endfacet
  facet normal 0 1 -0
    outer loop
      vertex 150 4925 50
      vertex 50 4925 2350
      vertex 150 4925 2350
    endloop
  endfacet
  facet normal 0 1 0
    outer loop
      vertex 50 4925 2350
      vertex 150 4925 50
      vertex 50 4925 50
    endloop
  endfacet
  facet normal 0 0 -1
    outer loop
      vertex 650 4875 50
      vertex 750 4925 50
      vertex 750 4875 50
    endloop
  endfacet
  facet normal -0 0 -1
    outer loop
      vertex 750 4925 50
      vertex 650 4875 50
      vertex 650 4925 50
    endloop
  endfacet
  facet normal -0 0 1
    outer loop
      vertex 650 4925 2350
      vertex 750 4875 2350
      vertex 750 4925 2350
    endloop
  endfacet
  facet normal 0 0 1
    outer loop
      vertex 750 4875 2350
      vertex 650 4925 2350
      vertex 650 4875 2350
    endloop
  endfacet
  facet normal -1 0 0
    outer loop
      vertex 650 4875 50
      vertex 650 4925 2350
      vertex 650 4925 50
    endloop
  endfacet
  facet normal -1 -0 0
    outer loop
      vertex 650 4925 2350
      vertex 650 4875 50
      vertex 650 4875 2350
    endloop
  endfacet
  facet normal 1 -0 0
    outer loop
      vertex 750 4875 2350
      vertex 750 4925 50
      vertex 750 4925 2350
    endloop
  endfacet
  facet normal 1 0 0
    outer loop
      vertex 750 4925 50
      vertex 750 4875 2350
      vertex 750 4875 50
    endloop
  endfacet
  facet normal 0 -1 0
    outer loop
      vertex 650 4875 50
      vertex 750 4875 2350
      vertex 650 4875 2350
    endloop
  endfacet
  facet normal 0 -1 -0
    outer loop
      vertex 750 4875 2350
      vertex 650 4875 50
      vertex 750 4875 50
    endloop
  endfacet
  facet normal 0 1 -0
    outer loop
      vertex 750 4925 50
      vertex 650 4925 2350
      vertex 750 4925 2350
    endloop
  endfacet
  facet normal 0 1 0
    outer loop
      vertex 650 4925 2350
      vertex 750 4925 50
      vertex 650 4925 50
    endloop
  endfacet
  facet normal 0 0 -1
    outer loop
      vertex 1250 4875 50
      vertex 1350 4925 50
      vertex 1350 4875 50
    endloop
  endfacet
  facet normal -0 0 -1
    outer loop
      vertex 1350 4925 50
      vertex 1250 4875 50
      vertex 1250 4925 50
    endloop
  endfacet
  facet normal -0 0 1
    outer loop
      vertex 1250 4925 2350
      vertex 1350 4875 2350
      vertex 1350 4925 2350
    endloop
  endfacet
  facet normal 0 0 1
    outer loop
      vertex 1350 4875 2350
      vertex 1250 4925 2350
      vertex 1250 4875 2350
    endloop
  endfacet
  facet normal -1 0 0
    outer loop
      vertex 1250 4875 50
      vertex 1250 4925 2350
      vertex 1250 4925 50
    endloop
  endfacet
  facet normal -1 -0 0
    outer loop
      vertex 1250 4925 2350
      vertex 1250 4875 50
      vertex 1250 4875 2350
    endloop
  endfacet
  facet normal 1 -0 0
    outer loop
      vertex 1350 4875 2350
      vertex 1350 4925 50
      vertex 1350 4925 2350
    endloop
  endfacet
  facet normal 1 0 0
    outer loop
      vertex 1350 4925 50
      vertex 1350 4875 2350
      vertex 1350 4875 50
    endloop
  endfacet
  facet normal 0 -1 0
    outer loop
      vertex 1250 4875 50
      vertex 1350 4875 2350
      vertex 1250 4875 2350
    endloop
  endfacet
  facet normal 0 -1 -0
    outer loop
      vertex 1350 4875 2350
      vertex 1250 4875 50
      vertex 1350 4875 50
    endloop
  endfacet
  facet normal 0 1 -0
    outer loop
      vertex 1350 4925 50
      vertex 1250 4925 2350
      vertex 1350 4925 2350
    endloop
  endfacet
  facet normal 0 1 0
    outer loop
      vertex 1250 4925 2350
      vertex 1350 4925 50
      vertex 1250 4925 50
    endloop
  endfacet
  facet normal 0 0 -1
    outer loop
      vertex 4650 4875 50
      vertex 4750 4925 50
      vertex 4750 4875 50
    endloop
  endfacet
  facet normal -0 0 -1
    outer loop
      vertex 4750 4925 50
      vertex 4650 4875 50
      vertex 4650 4925 50
    endloop
  endfacet
  facet normal -0 0 1
    outer loop
      vertex 4650 4925 2350
      vertex 4750 4875 2350
      vertex 4750 4925 2350
    endloop
  endfacet
  facet normal 0 0 1
    outer loop
      vertex 4750 4875 2350
      vertex 4650 4925 2350
      vertex 4650 4875 2350
    endloop
  endfacet
  facet normal -1 0 0
    outer loop
      vertex 4650 4875 50
      vertex 4650 4925 2350
      vertex 4650 4925 50
    endloop
  endfacet
  facet normal -1 -0 0
    outer loop
      vertex 4650 4925 2350
      vertex 4650 4875 50
      vertex 4650 4875 2350
    endloop
  endfacet
  facet normal 1 -0 0
    outer loop
      vertex 4750 4875 2350
      vertex 4750 4925 50
      vertex 4750 4925 2350
    endloop
  endfacet
  facet normal 1 0 0
    outer loop
      vertex 4750 4925 50
      vertex 4750 4875 2350
      vertex 4750 4875 50
    endloop
  endfacet
  facet normal 0 -1 0
    outer loop
      vertex 4650 4875 50
      vertex 4750 4875 2350
      vertex 4650 4875 2350
    endloop
  endfacet
  facet normal 0 -1 -0
    outer loop
      vertex 4750 4875 2350
      vertex 4650 4875 50
      vertex 4750 4875 50
    endloop
  endfacet
  facet normal 0 1 -0
    outer loop
      vertex 4750 4925 50
      vertex 4650 4925 2350
      vertex 4750 4925 2350
    endloop
  endfacet
  facet normal 0 1 0
    outer loop
      vertex 4650 4925 2350
      vertex 4750 4925 50
      vertex 4650 4925 50
    endloop
  endfacet
  facet normal 0 0 -1
    outer loop
      vertex 5250 4875 50
      vertex 5350 4925 50
      vertex 5350 4875 50
    endloop
  endfacet
  facet normal -0 0 -1
    outer loop
      vertex 5350 4925 50
      vertex 5250 4875 50
      vertex 5250 4925 50
    endloop
  endfacet
  facet normal -0 0 1
    outer loop
      vertex 5250 4925 2350
      vertex 5350 4875 2350
      vertex 5350 4925 2350
    endloop
  endfacet
  facet normal 0 0 1
    outer loop
      vertex 5350 4875 2350
      vertex 5250 4925 2350
      vertex 5250 4875 2350
    endloop
  endfacet
  facet normal -1 0 0
    outer loop
      vertex 5250 4875 50
      vertex 5250 4925 2350
      vertex 5250 4925 50
    endloop
  endfacet
  facet normal -1 -0 0
    outer loop
      vertex 5250 4925 2350
      vertex 5250 4875 50
      vertex 5250 4875 2350
    endloop
  endfacet
  facet normal 1 -0 0
    outer loop
      vertex 5350 4875 2350
      vertex 5350 4925 50
      vertex 5350 4925 2350
    endloop
  endfacet
  facet normal 1 0 0
    outer loop
      vertex 5350 4925 50
      vertex 5350 4875 2350
      vertex 5350 4875 50
    endloop
  endfacet
  facet normal 0 -1 0
    outer loop
      vertex 5250 4875 50
      vertex 5350 4875 2350
      vertex 5250 4875 2350
    endloop
  endfacet
  facet normal 0 -1 -0
    outer loop
      vertex 5350 4875 2350
      vertex 5250 4875 50
      vertex 5350 4875 50
    endloop
  endfacet
  facet normal 0 1 -0
    outer loop
      vertex 5350 4925 50
      vertex 5250 4925 2350
      vertex 5350 4925 2350
    endloop
  endfacet
  facet normal 0 1 0
    outer loop
      vertex 5250 4925 2350
      vertex 5350 4925 50
      vertex 5250 4925 50
    endloop
  endfacet
  facet normal 0 0 -1
    outer loop
      vertex 5850 4875 50
      vertex 5950 4925 50
      vertex 5950 4875 50
    endloop
  endfacet
  facet normal -0 0 -1
    outer loop
      vertex 5950 4925 50
      vertex 5850 4875 50
      vertex 5850 4925 50
    endloop
  endfacet
  facet normal -0 0 1
    outer loop
      vertex 5850 4925 2350
      vertex 5950 4875 2350
      vertex 5950 4925 2350
    endloop
  endfacet
  facet normal 0 0 1
    outer loop
      vertex 5950 4875 2350
      vertex 5850 4925 2350
      vertex 5850 4875 2350
    endloop
  endfacet
  facet normal -1 0 0
    outer loop
      vertex 5850 4875 50
      vertex 5850 4925 2350
      vertex 5850 4925 50
    endloop
  endfacet
  facet normal -1 -0 0
    outer loop
      vertex 5850 4925 2350
      vertex 5850 4875 50
      vertex 5850 4875 2350
    endloop
  endfacet
  facet normal 1 -0 0
    outer loop
      vertex 5950 4875 2350
      vertex 5950 4925 50
      vertex 5950 4925 2350
    endloop
  endfacet
  facet normal 1 0 0
    outer loop
      vertex 5950 4925 50
      vertex 5950 4875 2350
      vertex 5950 4875 50
    endloop
  endfacet
  facet normal 0 -1 0
    outer loop
      vertex 5850 4875 50
      vertex 5950 4875 2350
      vertex 5850 4875 2350
    endloop
  endfacet
  facet normal 0 -1 -0
    outer loop
      vertex 5950 4875 2350
      vertex 5850 4875 50
      vertex 5950 4875 50
    endloop
  endfacet
  facet normal 0 1 -0
    outer loop
      vertex 5950 4925 50
      vertex 5850 4925 2350
      vertex 5950 4925 2350
    endloop
  endfacet
  facet normal 0 1 0
    outer loop
      vertex 5850 4925 2350
      vertex 5950 4925 50
      vertex 5850 4925 50
    endloop
  endfacet
  facet normal -1 0 0
    outer loop
      vertex 100 1225 25
      vertex 100 1250 25
      vertex 100 1250 -25
    endloop
  endfacet
  facet normal -1 0 0
    outer loop
      vertex 100 1225 3166.97
      vertex 100 1250 25
      vertex 100 1225 25
    endloop
  endfacet
  facet normal -1 0 0
    outer loop
      vertex 100 1250 -25
      vertex 100 675 25
      vertex 100 1225 25
    endloop
  endfacet
  facet normal -1 0 0
    outer loop
      vertex 100 625 2746.84
      vertex 100 675 2775
      vertex 100 675 25
    endloop
  endfacet
  facet normal -1 0 0
    outer loop
      vertex 100 625 2746.84
      vertex 100 675 25
      vertex 100 625 25
    endloop
  endfacet
  facet normal -1 0 0
    outer loop
      vertex 100 150 -25
      vertex 100 675 25
      vertex 100 1250 -25
    endloop
  endfacet
  facet normal -1 -0 0
    outer loop
      vertex 100 675 25
      vertex 100 150 -25
      vertex 100 625 25
    endloop
  endfacet
  facet normal -1 -0 0
    outer loop
      vertex 100 625 25
      vertex 100 150 -25
      vertex 100 150 25
    endloop
  endfacet
  facet normal -1 0 0
    outer loop
      vertex 100 1250 25
      vertex 100 1275 3175
      vertex 100 1275 25
    endloop
  endfacet
  facet normal -1 -0 0
    outer loop
      vertex 100 1275 3175
      vertex 100 1250 25
      vertex 100 1236.48 3175
    endloop
  endfacet
  facet normal -1 0 0
    outer loop
      vertex 100 1250 25
      vertex 100 1225 3166.97
      vertex 100 1236.48 3175
    endloop
  endfacet
  facet normal -1 -0 0
    outer loop
      vertex 100 675 2775
      vertex 100 625 2746.84
      vertex 100 665.216 2775
    endloop
  endfacet
  facet normal 1 0 0
    outer loop
      vertex 200 675 2775
      vertex 200 625 2775
      vertex 200 675 25
    endloop
  endfacet
  facet normal 1 0 0
    outer loop
      vertex 200 1275 3175
      vertex 200 1250 25
      vertex 200 1275 25
    endloop
  endfacet
  facet normal 1 -0 0
    outer loop
      vertex 200 1225 3175
      vertex 200 1250 25
      vertex 200 1275 3175
    endloop
  endfacet
  facet normal 1 0 0
    outer loop
      vertex 200 1225 25
      vertex 200 1250 25
      vertex 200 1225 3175
    endloop
  endfacet
  facet normal 1 0 0
    outer loop
      vertex 200 1250 25
      vertex 200 1225 25
      vertex 200 1250 -25
    endloop
  endfacet
  facet normal 1 -0 0
    outer loop
      vertex 200 675 25
      vertex 200 1250 -25
      vertex 200 1225 25
    endloop
  endfacet
  facet normal 1 0 0
    outer loop
      vertex 200 625 25
      vertex 200 675 25
      vertex 200 625 2775
    endloop
  endfacet
  facet normal 1 0 0
    outer loop
      vertex 200 150 -25
      vertex 200 675 25
      vertex 200 625 25
    endloop
  endfacet
  facet normal 1 0 0
    outer loop
      vertex 200 150 -25
      vertex 200 625 25
      vertex 200 150 25
    endloop
  endfacet
  facet normal 1 0 0
    outer loop
      vertex 200 675 25
      vertex 200 150 -25
      vertex 200 1250 -25
    endloop
  endfacet
  facet normal 0 1 -0
    outer loop
      vertex 200 1250 -25
      vertex 100 1250 25
      vertex 200 1250 25
    endloop
  endfacet
  facet normal 0 1 0
    outer loop
      vertex 100 1250 25
      vertex 200 1250 -25
      vertex 100 1250 -25
    endloop
  endfacet
  facet normal -1 0 0
    outer loop
      vertex 100 4850 -25
      vertex 100 4805 -5
      vertex 100 4850 25
    endloop
  endfacet
  facet normal -1 0 0
    outer loop
      vertex 100 4850 -25
      vertex 100 4795 -5
      vertex 100 4805 -5
    endloop
  endfacet
  facet normal -1 0 0
    outer loop
      vertex 100 4795 -5
      vertex 100 4375 25
      vertex 100 4795 5
    endloop
  endfacet
  facet normal -1 0 0
    outer loop
      vertex 100 4850 -25
      vertex 100 4375 25
      vertex 100 4795 -5
    endloop
  endfacet
  facet normal -1 0 0
    outer loop
      vertex 100 4325 25
      vertex 100 4375 2746.84
      vertex 100 4375 25
    endloop
  endfacet
  facet normal -1 0 0
    outer loop
      vertex 100 4325 2775
      vertex 100 4375 2746.84
      vertex 100 4325 25
    endloop
  endfacet
  facet normal -1 0 0
    outer loop
      vertex 100 4850 -25
      vertex 100 4325 25
      vertex 100 4375 25
    endloop
  endfacet
  facet normal -1 0 0
    outer loop
      vertex 100 3750 -25
      vertex 100 4325 25
      vertex 100 4850 -25
    endloop
  endfacet
  facet normal -1 0 0
    outer loop
      vertex 100 3750 25
      vertex 100 3775 3166.97
      vertex 100 3775 25
    endloop
  endfacet
  facet normal -1 -0 0
    outer loop
      vertex 100 4325 25
      vertex 100 3750 -25
      vertex 100 3775 25
    endloop
  endfacet
  facet normal -1 0 0
    outer loop
      vertex 100 3750 25
      vertex 100 3775 25
      vertex 100 3750 -25
    endloop
  endfacet
  facet normal -1 0 0
    outer loop
      vertex 100 3725 25
      vertex 100 3775 3166.97
      vertex 100 3750 25
    endloop
  endfacet
  facet normal -1 0 0
    outer loop
      vertex 100 3725 3175
      vertex 100 3775 3166.97
      vertex 100 3725 25
    endloop
  endfacet
  facet normal -1 0 0
    outer loop
      vertex 100 3775 3166.97
      vertex 100 3725 3175
      vertex 100 3763.52 3175
    endloop
  endfacet
  facet normal -1 0 0
    outer loop
      vertex 100 4805 5
      vertex 100 4850 25
      vertex 100 4805 -5
    endloop
  endfacet
  facet normal -1 0 0
    outer loop
      vertex 100 4795 5
      vertex 100 4850 25
      vertex 100 4805 5
    endloop
  endfacet
  facet normal -1 -0 0
    outer loop
      vertex 100 4850 25
      vertex 100 4795 5
      vertex 100 4375 25
    endloop
  endfacet
  facet normal -1 0 0
    outer loop
      vertex 100 4375 2746.84
      vertex 100 4325 2775
      vertex 100 4334.78 2775
    endloop
  endfacet
  facet normal 0 -1 0
    outer loop
      vertex 100 3750 -25
      vertex 200 3750 25
      vertex 100 3750 25
    endloop
  endfacet
  facet normal 0 -1 -0
    outer loop
      vertex 200 3750 25
      vertex 100 3750 -25
      vertex 200 3750 -25
    endloop
  endfacet
  facet normal 1 0 0
    outer loop
      vertex 200 3775 3175
      vertex 200 3750 25
      vertex 200 3775 25
    endloop
  endfacet
  facet normal 1 -0 0
    outer loop
      vertex 200 3725 3175
      vertex 200 3750 25
      vertex 200 3775 3175
    endloop
  endfacet
  facet normal 1 0 0
    outer loop
      vertex 200 3750 25
      vertex 200 3725 3175
      vertex 200 3725 25
    endloop
  endfacet
  facet normal 1 0 0
    outer loop
      vertex 200 4375 2775
      vertex 200 4325 2775
      vertex 200 4375 25
    endloop
  endfacet
  facet normal 1 0 0
    outer loop
      vertex 200 4850 25
      vertex 200 4805 5
      vertex 200 4850 -25
    endloop
  endfacet
  facet normal 1 0 0
    outer loop
      vertex 200 4850 25
      vertex 200 4795 5
      vertex 200 4805 5
    endloop
  endfacet
  facet normal 1 0 0
    outer loop
      vertex 200 4795 5
      vertex 200 4375 25
      vertex 200 4795 -5
    endloop
  endfacet
  facet normal 1 -0 0
    outer loop
      vertex 200 4375 25
      vertex 200 4795 5
      vertex 200 4850 25
    endloop
  endfacet
  facet normal 1 -0 0
    outer loop
      vertex 200 4805 -5
      vertex 200 4850 -25
      vertex 200 4805 5
    endloop
  endfacet
  facet normal 1 -0 0
    outer loop
      vertex 200 4795 -5
      vertex 200 4850 -25
      vertex 200 4805 -5
    endloop
  endfacet
  facet normal 1 0 0
    outer loop
      vertex 200 4375 25
      vertex 200 4850 -25
      vertex 200 4795 -5
    endloop
  endfacet
  facet normal 1 0 0
    outer loop
      vertex 200 4325 25
      vertex 200 4375 25
      vertex 200 4325 2775
    endloop
  endfacet
  facet normal 1 -0 0
    outer loop
      vertex 200 4325 25
      vertex 200 4850 -25
      vertex 200 4375 25
    endloop
  endfacet
  facet normal 1 0 0
    outer loop
      vertex 200 3750 -25
      vertex 200 4325 25
      vertex 200 3775 25
    endloop
  endfacet
  facet normal 1 0 0
    outer loop
      vertex 200 3750 -25
      vertex 200 3775 25
      vertex 200 3750 25
    endloop
  endfacet
  facet normal 1 0 0
    outer loop
      vertex 200 4325 25
      vertex 200 3750 -25
      vertex 200 4850 -25
    endloop
  endfacet
  facet normal 0 0 1
    outer loop
      vertex 200 675 2775
      vertex 150 665.216 2775
      vertex 200 625 2775
    endloop
  endfacet
  facet normal -0 0 1
    outer loop
      vertex 100 675 2775
      vertex 150 665.216 2775
      vertex 200 675 2775
    endloop
  endfacet
  facet normal 0 0 1
    outer loop
      vertex 150 665.216 2775
      vertex 100 675 2775
      vertex 100 665.216 2775
    endloop
  endfacet
  facet normal 0 0 1
    outer loop
      vertex 200 625 2775
      vertex 150 665.216 2775
      vertex 150 625 2775
    endloop
  endfacet
  facet normal 0 -1 0
    outer loop
      vertex 100 625 2746.84
      vertex 100 625 25
      vertex 150 625 2746.84
    endloop
  endfacet
  facet normal 0 -1 0
    outer loop
      vertex 150 625 2746.84
      vertex 200 625 2775
      vertex 150 625 2775
    endloop
  endfacet
  facet normal 0 -1 0
    outer loop
      vertex 200 625 25
      vertex 150 625 2746.84
      vertex 100 625 25
    endloop
  endfacet
  facet normal 0 -1 0
    outer loop
      vertex 150 625 2746.84
      vertex 200 625 25
      vertex 200 625 2775
    endloop
  endfacet
  facet normal 0 1 -0
    outer loop
      vertex 200 675 25
      vertex 100 675 2775
      vertex 200 675 2775
    endloop
  endfacet
  facet normal 0 1 0
    outer loop
      vertex 100 675 2775
      vertex 200 675 25
      vertex 100 675 25
    endloop
  endfacet
  facet normal 0 0 1
    outer loop
      vertex 200 1275 3175
      vertex 150 1236.48 3175
      vertex 200 1225 3175
    endloop
  endfacet
  facet normal -0 0 1
    outer loop
      vertex 100 1275 3175
      vertex 150 1236.48 3175
      vertex 200 1275 3175
    endloop
  endfacet
  facet normal 0 0 1
    outer loop
      vertex 150 1236.48 3175
      vertex 100 1275 3175
      vertex 100 1236.48 3175
    endloop
  endfacet
  facet normal 0 0 1
    outer loop
      vertex 200 1225 3175
      vertex 150 1236.48 3175
      vertex 150 1225 3175
    endloop
  endfacet
  facet normal 0 -1 0
    outer loop
      vertex 100 1225 3166.97
      vertex 100 1225 25
      vertex 150 1225 3166.97
    endloop
  endfacet
  facet normal 0 -1 0
    outer loop
      vertex 150 1225 3166.97
      vertex 200 1225 3175
      vertex 150 1225 3175
    endloop
  endfacet
  facet normal 0 -1 0
    outer loop
      vertex 200 1225 25
      vertex 150 1225 3166.97
      vertex 100 1225 25
    endloop
  endfacet
  facet normal 0 -1 0
    outer loop
      vertex 150 1225 3166.97
      vertex 200 1225 25
      vertex 200 1225 3175
    endloop
  endfacet
  facet normal 0 1 -0
    outer loop
      vertex 200 1275 25
      vertex 100 1275 3175
      vertex 200 1275 3175
    endloop
  endfacet
  facet normal 0 1 0
    outer loop
      vertex 100 1275 3175
      vertex 200 1275 25
      vertex 100 1275 25
    endloop
  endfacet
  facet normal 0 0 1
    outer loop
      vertex 150 3763.52 3175
      vertex 200 3775 3175
      vertex 150 3775 3175
    endloop
  endfacet
  facet normal 0 0 1
    outer loop
      vertex 200 3775 3175
      vertex 150 3763.52 3175
      vertex 200 3725 3175
    endloop
  endfacet
  facet normal 0 0 1
    outer loop
      vertex 100 3725 3175
      vertex 150 3763.52 3175
      vertex 100 3763.52 3175
    endloop
  endfacet
  facet normal 0 0 1
    outer loop
      vertex 150 3763.52 3175
      vertex 100 3725 3175
      vertex 200 3725 3175
    endloop
  endfacet
  facet normal 0 -1 0
    outer loop
      vertex 100 3725 25
      vertex 200 3725 3175
      vertex 100 3725 3175
    endloop
  endfacet
  facet normal 0 -1 -0
    outer loop
      vertex 200 3725 3175
      vertex 100 3725 25
      vertex 200 3725 25
    endloop
  endfacet
  facet normal 0 1 0
    outer loop
      vertex 200 3775 3175
      vertex 150 3775 3166.97
      vertex 150 3775 3175
    endloop
  endfacet
  facet normal 0 1 -0
    outer loop
      vertex 200 3775 25
      vertex 150 3775 3166.97
      vertex 200 3775 3175
    endloop
  endfacet
  facet normal 0 1 0
    outer loop
      vertex 100 3775 25
      vertex 150 3775 3166.97
      vertex 200 3775 25
    endloop
  endfacet
  facet normal 0 1 0
    outer loop
      vertex 150 3775 3166.97
      vertex 100 3775 25
      vertex 100 3775 3166.97
    endloop
  endfacet
  facet normal 0 0 1
    outer loop
      vertex 150 4334.78 2775
      vertex 200 4375 2775
      vertex 150 4375 2775
    endloop
  endfacet
  facet normal 0 0 1
    outer loop
      vertex 200 4375 2775
      vertex 150 4334.78 2775
      vertex 200 4325 2775
    endloop
  endfacet
  facet normal 0 0 1
    outer loop
      vertex 100 4325 2775
      vertex 150 4334.78 2775
      vertex 100 4334.78 2775
    endloop
  endfacet
  facet normal 0 0 1
    outer loop
      vertex 150 4334.78 2775
      vertex 100 4325 2775
      vertex 200 4325 2775
    endloop
  endfacet
  facet normal 0 -1 0
    outer loop
      vertex 100 4325 25
      vertex 200 4325 2775
      vertex 100 4325 2775
    endloop
  endfacet
  facet normal 0 -1 -0
    outer loop
      vertex 200 4325 2775
      vertex 100 4325 25
      vertex 200 4325 25
    endloop
  endfacet
  facet normal 0 1 0
    outer loop
      vertex 200 4375 2775
      vertex 150 4375 2746.84
      vertex 150 4375 2775
    endloop
  endfacet
  facet normal 0 1 -0
    outer loop
      vertex 200 4375 25
      vertex 150 4375 2746.84
      vertex 200 4375 2775
    endloop
  endfacet
  facet normal 0 1 0
    outer loop
      vertex 100 4375 25
      vertex 150 4375 2746.84
      vertex 200 4375 25
    endloop
  endfacet
  facet normal 0 1 0
    outer loop
      vertex 150 4375 2746.84
      vertex 100 4375 25
      vertex 100 4375 2746.84
    endloop
  endfacet
  facet normal -1 0 0
    outer loop
      vertex 5800 150 -25
      vertex 5800 1250 -5
      vertex 5800 1250 -25
    endloop
  endfacet
  facet normal -1 -0 0
    outer loop
      vertex 5800 1250 -5
      vertex 5800 150 -25
      vertex 5800 150 -5
    endloop
  endfacet
  facet normal -1 0 0
    outer loop
      vertex 5800 1250 5
      vertex 5800 1225 25
      vertex 5800 1250 25
    endloop
  endfacet
  facet normal -1 0 0
    outer loop
      vertex 5800 1250 5
      vertex 5800 675 25
      vertex 5800 1225 25
    endloop
  endfacet
  facet normal -1 0 0
    outer loop
      vertex 5800 675 25
      vertex 5800 625 25
      vertex 5800 675 2395
    endloop
  endfacet
  facet normal -1 0 0
    outer loop
      vertex 5800 1250 5
      vertex 5800 625 25
      vertex 5800 675 25
    endloop
  endfacet
  facet normal -1 0 0
    outer loop
      vertex 5800 150 5
      vertex 5800 625 25
      vertex 5800 1250 5
    endloop
  endfacet
  facet normal -1 -0 0
    outer loop
      vertex 5800 625 25
      vertex 5800 150 5
      vertex 5800 150 25
    endloop
  endfacet
  facet normal -1 0 0
    outer loop
      vertex 5800 1250 25
      vertex 5800 1275 2395
      vertex 5800 1275 25
    endloop
  endfacet
  facet normal -1 0 0
    outer loop
      vertex 5800 1225 2395
      vertex 5800 1250 25
      vertex 5800 1225 25
    endloop
  endfacet
  facet normal -1 0 0
    outer loop
      vertex 5800 1250 25
      vertex 5800 1225 2395
      vertex 5800 1275 2395
    endloop
  endfacet
  facet normal -1 -0 0
    outer loop
      vertex 5800 675 2395
      vertex 5800 625 25
      vertex 5800 625 2395
    endloop
  endfacet
  facet normal -1 0 0
    outer loop
      vertex 5800 625 2405
      vertex 5800 675 2775
      vertex 5800 675 2405
    endloop
  endfacet
  facet normal -1 -0 0
    outer loop
      vertex 5800 675 2775
      vertex 5800 625 2405
      vertex 5800 625 2775
    endloop
  endfacet
  facet normal -1 0 0
    outer loop
      vertex 5800 1225 2405
      vertex 5800 1275 3175
      vertex 5800 1275 2405
    endloop
  endfacet
  facet normal -1 -0 0
    outer loop
      vertex 5800 1275 3175
      vertex 5800 1225 2405
      vertex 5800 1225 3175
    endloop
  endfacet
  facet normal 1 0 0
    outer loop
      vertex 5900 625 2746.84
      vertex 5900 675 2775
      vertex 5900 665.216 2775
    endloop
  endfacet
  facet normal 1 -0 0
    outer loop
      vertex 5900 1225 3166.97
      vertex 5900 1275 25
      vertex 5900 1275 3175
    endloop
  endfacet
  facet normal 1 0 0
    outer loop
      vertex 5900 1225 3166.97
      vertex 5900 1275 3175
      vertex 5900 1236.48 3175
    endloop
  endfacet
  facet normal 1 0 0
    outer loop
      vertex 5900 1275 25
      vertex 5900 1225 3166.97
      vertex 5900 1250 25
    endloop
  endfacet
  facet normal 1 0 0
    outer loop
      vertex 5900 1250 25
      vertex 5900 1225 3166.97
      vertex 5900 1225 25
    endloop
  endfacet
  facet normal 1 0 0
    outer loop
      vertex 5900 1250 25
      vertex 5900 1225 25
      vertex 5900 1250 -25
    endloop
  endfacet
  facet normal 1 -0 0
    outer loop
      vertex 5900 675 25
      vertex 5900 1250 -25
      vertex 5900 1225 25
    endloop
  endfacet
  facet normal 1 0 0
    outer loop
      vertex 5900 675 2775
      vertex 5900 625 2746.84
      vertex 5900 675 25
    endloop
  endfacet
  facet normal 1 0 0
    outer loop
      vertex 5900 625 25
      vertex 5900 675 25
      vertex 5900 625 2746.84
    endloop
  endfacet
  facet normal 1 0 0
    outer loop
      vertex 5900 150 -25
      vertex 5900 675 25
      vertex 5900 625 25
    endloop
  endfacet
  facet normal 1 0 0
    outer loop
      vertex 5900 150 -25
      vertex 5900 625 25
      vertex 5900 150 25
    endloop
  endfacet
  facet normal 1 0 0
    outer loop
      vertex 5900 675 25
      vertex 5900 150 -25
      vertex 5900 1250 -25
    endloop
  endfacet
  facet normal 0 1 0
    outer loop
      vertex 5900 1250 25
      vertex 5805 1250 5
      vertex 5800 1250 25
    endloop
  endfacet
  facet normal 0 1 0
    outer loop
      vertex 5900 1250 25
      vertex 5805 1250 -5
      vertex 5805 1250 5
    endloop
  endfacet
  facet normal 0 1 -0
    outer loop
      vertex 5900 1250 -25
      vertex 5805 1250 -5
      vertex 5900 1250 25
    endloop
  endfacet
  facet normal 0 1 0
    outer loop
      vertex 5800 1250 -25
      vertex 5805 1250 -5
      vertex 5900 1250 -25
    endloop
  endfacet
  facet normal 0 1 0
    outer loop
      vertex 5805 1250 -5
      vertex 5800 1250 -25
      vertex 5800 1250 -5
    endloop
  endfacet
  facet normal 0 1 0
    outer loop
      vertex 5800 1250 25
      vertex 5805 1250 5
      vertex 5800 1250 5
    endloop
  endfacet
  facet normal 0 -1 0
    outer loop
      vertex 5800 3750 -5
      vertex 5800 3750 -25
      vertex 5805 3750 -5
    endloop
  endfacet
  facet normal 0 -1 0
    outer loop
      vertex 5805 3750 5
      vertex 5800 3750 25
      vertex 5800 3750 5
    endloop
  endfacet
  facet normal 0 -1 0
    outer loop
      vertex 5800 3750 25
      vertex 5805 3750 5
      vertex 5900 3750 25
    endloop
  endfacet
  facet normal 0 -1 0
    outer loop
      vertex 5805 3750 -5
      vertex 5900 3750 25
      vertex 5805 3750 5
    endloop
  endfacet
  facet normal 0 -1 0
    outer loop
      vertex 5900 3750 -25
      vertex 5805 3750 -5
      vertex 5800 3750 -25
    endloop
  endfacet
  facet normal 0 -1 0
    outer loop
      vertex 5805 3750 -5
      vertex 5900 3750 -25
      vertex 5900 3750 25
    endloop
  endfacet
  facet normal 1 -0 0
    outer loop
      vertex 5900 3725 3175
      vertex 5900 3775 3166.97
      vertex 5900 3763.52 3175
    endloop
  endfacet
  facet normal 1 -0 0
    outer loop
      vertex 5900 4325 2775
      vertex 5900 4375 2746.84
      vertex 5900 4334.78 2775
    endloop
  endfacet
  facet normal 1 -0 0
    outer loop
      vertex 5900 4375 25
      vertex 5900 4850 -25
      vertex 5900 4850 25
    endloop
  endfacet
  facet normal 1 0 0
    outer loop
      vertex 5900 4375 2746.84
      vertex 5900 4325 2775
      vertex 5900 4325 25
    endloop
  endfacet
  facet normal 1 0 0
    outer loop
      vertex 5900 4375 2746.84
      vertex 5900 4325 25
      vertex 5900 4375 25
    endloop
  endfacet
  facet normal 1 -0 0
    outer loop
      vertex 5900 4325 25
      vertex 5900 4850 -25
      vertex 5900 4375 25
    endloop
  endfacet
  facet normal 1 0 0
    outer loop
      vertex 5900 3750 -25
      vertex 5900 4325 25
      vertex 5900 3775 25
    endloop
  endfacet
  facet normal 1 0 0
    outer loop
      vertex 5900 3775 3166.97
      vertex 5900 3750 25
      vertex 5900 3775 25
    endloop
  endfacet
  facet normal 1 0 0
    outer loop
      vertex 5900 3750 -25
      vertex 5900 3775 25
      vertex 5900 3750 25
    endloop
  endfacet
  facet normal 1 0 0
    outer loop
      vertex 5900 4325 25
      vertex 5900 3750 -25
      vertex 5900 4850 -25
    endloop
  endfacet
  facet normal 1 0 0
    outer loop
      vertex 5900 3725 25
      vertex 5900 3775 3166.97
      vertex 5900 3725 3175
    endloop
  endfacet
  facet normal 1 0 0
    outer loop
      vertex 5900 3775 3166.97
      vertex 5900 3725 25
      vertex 5900 3750 25
    endloop
  endfacet
  facet normal 0 0 1
    outer loop
      vertex 5900 675 2775
      vertex 5850 665.216 2775
      vertex 5900 665.216 2775
    endloop
  endfacet
  facet normal -0 0 1
    outer loop
      vertex 5800 675 2775
      vertex 5850 665.216 2775
      vertex 5900 675 2775
    endloop
  endfacet
  facet normal 0 0 1
    outer loop
      vertex 5800 625 2775
      vertex 5850 665.216 2775
      vertex 5800 675 2775
    endloop
  endfacet
  facet normal 0 0 1
    outer loop
      vertex 5850 665.216 2775
      vertex 5800 625 2775
      vertex 5850 625 2775
    endloop
  endfacet
  facet normal 0 -1 0
    outer loop
      vertex 5800 625 2395
      vertex 5800 625 25
      vertex 5805 625 2395
    endloop
  endfacet
  facet normal 0 -1 0
    outer loop
      vertex 5800 625 2775
      vertex 5850 625 2746.84
      vertex 5850 625 2775
    endloop
  endfacet
  facet normal 0 -1 0
    outer loop
      vertex 5800 625 2405
      vertex 5850 625 2746.84
      vertex 5800 625 2775
    endloop
  endfacet
  facet normal 0 -1 0
    outer loop
      vertex 5805 625 2405
      vertex 5850 625 2746.84
      vertex 5800 625 2405
    endloop
  endfacet
  facet normal 0 -1 -0
    outer loop
      vertex 5850 625 2746.84
      vertex 5805 625 2405
      vertex 5900 625 2746.84
    endloop
  endfacet
  facet normal 0 -1 0
    outer loop
      vertex 5805 625 2395
      vertex 5900 625 2746.84
      vertex 5805 625 2405
    endloop
  endfacet
  facet normal 0 -1 0
    outer loop
      vertex 5900 625 25
      vertex 5805 625 2395
      vertex 5800 625 25
    endloop
  endfacet
  facet normal 0 -1 0
    outer loop
      vertex 5805 625 2395
      vertex 5900 625 25
      vertex 5900 625 2746.84
    endloop
  endfacet
  facet normal 0 1 0
    outer loop
      vertex 5900 675 2775
      vertex 5805 675 2405
      vertex 5800 675 2775
    endloop
  endfacet
  facet normal 0 1 0
    outer loop
      vertex 5900 675 2775
      vertex 5805 675 2395
      vertex 5805 675 2405
    endloop
  endfacet
  facet normal 0 1 -0
    outer loop
      vertex 5900 675 25
      vertex 5805 675 2395
      vertex 5900 675 2775
    endloop
  endfacet
  facet normal 0 1 0
    outer loop
      vertex 5800 675 25
      vertex 5805 675 2395
      vertex 5900 675 25
    endloop
  endfacet
  facet normal 0 1 0
    outer loop
      vertex 5805 675 2395
      vertex 5800 675 25
      vertex 5800 675 2395
    endloop
  endfacet
  facet normal 0 1 0
    outer loop
      vertex 5800 675 2775
      vertex 5805 675 2405
      vertex 5800 675 2405
    endloop
  endfacet
  facet normal 0 0 1
    outer loop
      vertex 5900 1275 3175
      vertex 5850 1236.48 3175
      vertex 5900 1236.48 3175
    endloop
  endfacet
  facet normal -0 0 1
    outer loop
      vertex 5800 1275 3175
      vertex 5850 1236.48 3175
      vertex 5900 1275 3175
    endloop
  endfacet
  facet normal 0 0 1
    outer loop
      vertex 5800 1225 3175
      vertex 5850 1236.48 3175
      vertex 5800 1275 3175
    endloop
  endfacet
  facet normal 0 0 1
    outer loop
      vertex 5850 1236.48 3175
      vertex 5800 1225 3175
      vertex 5850 1225 3175
    endloop
  endfacet
  facet normal 0 -1 0
    outer loop
      vertex 5800 1225 2395
      vertex 5800 1225 25
      vertex 5805 1225 2395
    endloop
  endfacet
  facet normal 0 -1 0
    outer loop
      vertex 5800 1225 3175
      vertex 5850 1225 3166.97
      vertex 5850 1225 3175
    endloop
  endfacet
  facet normal 0 -1 0
    outer loop
      vertex 5800 1225 2405
      vertex 5850 1225 3166.97
      vertex 5800 1225 3175
    endloop
  endfacet
  facet normal 0 -1 0
    outer loop
      vertex 5805 1225 2405
      vertex 5850 1225 3166.97
      vertex 5800 1225 2405
    endloop
  endfacet
  facet normal 0 -1 -0
    outer loop
      vertex 5850 1225 3166.97
      vertex 5805 1225 2405
      vertex 5900 1225 3166.97
    endloop
  endfacet
  facet normal 0 -1 0
    outer loop
      vertex 5805 1225 2395
      vertex 5900 1225 3166.97
      vertex 5805 1225 2405
    endloop
  endfacet
  facet normal 0 -1 0
    outer loop
      vertex 5900 1225 25
      vertex 5805 1225 2395
      vertex 5800 1225 25
    endloop
  endfacet
  facet normal 0 -1 0
    outer loop
      vertex 5805 1225 2395
      vertex 5900 1225 25
      vertex 5900 1225 3166.97
    endloop
  endfacet
  facet normal 0 1 0
    outer loop
      vertex 5900 1275 3175
      vertex 5805 1275 2405
      vertex 5800 1275 3175
    endloop
  endfacet
  facet normal 0 1 0
    outer loop
      vertex 5900 1275 3175
      vertex 5805 1275 2395
      vertex 5805 1275 2405
    endloop
  endfacet
  facet normal 0 1 -0
    outer loop
      vertex 5900 1275 25
      vertex 5805 1275 2395
      vertex 5900 1275 3175
    endloop
  endfacet
  facet normal 0 1 0
    outer loop
      vertex 5800 1275 25
      vertex 5805 1275 2395
      vertex 5900 1275 25
    endloop
  endfacet
  facet normal 0 1 0
    outer loop
      vertex 5805 1275 2395
      vertex 5800 1275 25
      vertex 5800 1275 2395
    endloop
  endfacet
  facet normal 0 1 0
    outer loop
      vertex 5800 1275 3175
      vertex 5805 1275 2405
      vertex 5800 1275 2405
    endloop
  endfacet
  facet normal 0 0 1
    outer loop
      vertex 5850 3775 3175
      vertex 5800 3775 3175
      vertex 5850 3763.52 3175
    endloop
  endfacet
  facet normal -0 0 1
    outer loop
      vertex 5850 3763.52 3175
      vertex 5900 3725 3175
      vertex 5900 3763.52 3175
    endloop
  endfacet
  facet normal 0 0 1
    outer loop
      vertex 5800 3725 3175
      vertex 5850 3763.52 3175
      vertex 5800 3775 3175
    endloop
  endfacet
  facet normal 0 0 1
    outer loop
      vertex 5850 3763.52 3175
      vertex 5800 3725 3175
      vertex 5900 3725 3175
    endloop
  endfacet
  facet normal 0 -1 0
    outer loop
      vertex 5800 3725 2395
      vertex 5800 3725 25
      vertex 5805 3725 2395
    endloop
  endfacet
  facet normal 0 -1 0
    outer loop
      vertex 5805 3725 2405
      vertex 5800 3725 3175
      vertex 5800 3725 2405
    endloop
  endfacet
  facet normal 0 -1 0
    outer loop
      vertex 5800 3725 3175
      vertex 5805 3725 2405
      vertex 5900 3725 3175
    endloop
  endfacet
  facet normal 0 -1 0
    outer loop
      vertex 5805 3725 2395
      vertex 5900 3725 3175
      vertex 5805 3725 2405
    endloop
  endfacet
  facet normal 0 -1 0
    outer loop
      vertex 5900 3725 25
      vertex 5805 3725 2395
      vertex 5800 3725 25
    endloop
  endfacet
  facet normal 0 -1 0
    outer loop
      vertex 5805 3725 2395
      vertex 5900 3725 25
      vertex 5900 3725 3175
    endloop
  endfacet
  facet normal 0 1 0
    outer loop
      vertex 5900 3775 3166.97
      vertex 5805 3775 2405
      vertex 5850 3775 3166.97
    endloop
  endfacet
  facet normal 0 1 0
    outer loop
      vertex 5900 3775 3166.97
      vertex 5805 3775 2395
      vertex 5805 3775 2405
    endloop
  endfacet
  facet normal 0 1 -0
    outer loop
      vertex 5900 3775 25
      vertex 5805 3775 2395
      vertex 5900 3775 3166.97
    endloop
  endfacet
  facet normal 0 1 0
    outer loop
      vertex 5800 3775 25
      vertex 5805 3775 2395
      vertex 5900 3775 25
    endloop
  endfacet
  facet normal 0 1 0
    outer loop
      vertex 5805 3775 2395
      vertex 5800 3775 25
      vertex 5800 3775 2395
    endloop
  endfacet
  facet normal 0 1 -0
    outer loop
      vertex 5850 3775 3166.97
      vertex 5800 3775 3175
      vertex 5850 3775 3175
    endloop
  endfacet
  facet normal 0 1 0
    outer loop
      vertex 5800 3775 2405
      vertex 5850 3775 3166.97
      vertex 5805 3775 2405
    endloop
  endfacet
  facet normal 0 1 0
    outer loop
      vertex 5850 3775 3166.97
      vertex 5800 3775 2405
      vertex 5800 3775 3175
    endloop
  endfacet
  facet normal 0 0 1
    outer loop
      vertex 5850 4375 2775
      vertex 5800 4375 2775
      vertex 5850 4334.78 2775
    endloop
  endfacet
  facet normal -0 0 1
    outer loop
      vertex 5850 4334.78 2775
      vertex 5900 4325 2775
      vertex 5900 4334.78 2775
    endloop
  endfacet
  facet normal 0 0 1
    outer loop
      vertex 5850 4334.78 2775
      vertex 5800 4325 2775
      vertex 5900 4325 2775
    endloop
  endfacet
  facet normal 0 0 1
    outer loop
      vertex 5800 4325 2775
      vertex 5850 4334.78 2775
      vertex 5800 4375 2775
    endloop
  endfacet
  facet normal 0 -1 0
    outer loop
      vertex 5800 4325 2395
      vertex 5800 4325 25
      vertex 5805 4325 2395
    endloop
  endfacet
  facet normal 0 -1 0
    outer loop
      vertex 5805 4325 2405
      vertex 5800 4325 2775
      vertex 5800 4325 2405
    endloop
  endfacet
  facet normal 0 -1 0
    outer loop
      vertex 5800 4325 2775
      vertex 5805 4325 2405
      vertex 5900 4325 2775
    endloop
  endfacet
  facet normal 0 -1 0
    outer loop
      vertex 5805 4325 2395
      vertex 5900 4325 2775
      vertex 5805 4325 2405
    endloop
  endfacet
  facet normal 0 -1 0
    outer loop
      vertex 5900 4325 25
      vertex 5805 4325 2395
      vertex 5800 4325 25
    endloop
  endfacet
  facet normal 0 -1 0
    outer loop
      vertex 5805 4325 2395
      vertex 5900 4325 25
      vertex 5900 4325 2775
    endloop
  endfacet
  facet normal 0 1 0
    outer loop
      vertex 5900 4375 2746.84
      vertex 5805 4375 2405
      vertex 5850 4375 2746.84
    endloop
  endfacet
  facet normal 0 1 0
    outer loop
      vertex 5900 4375 2746.84
      vertex 5805 4375 2395
      vertex 5805 4375 2405
    endloop
  endfacet
  facet normal 0 1 -0
    outer loop
      vertex 5900 4375 25
      vertex 5805 4375 2395
      vertex 5900 4375 2746.84
    endloop
  endfacet
  facet normal 0 1 0
    outer loop
      vertex 5800 4375 25
      vertex 5805 4375 2395
      vertex 5900 4375 25
    endloop
  endfacet
  facet normal 0 1 0
    outer loop
      vertex 5805 4375 2395
      vertex 5800 4375 25
      vertex 5800 4375 2395
    endloop
  endfacet
  facet normal 0 1 -0
    outer loop
      vertex 5850 4375 2746.84
      vertex 5800 4375 2775
      vertex 5850 4375 2775
    endloop
  endfacet
  facet normal 0 1 0
    outer loop
      vertex 5800 4375 2405
      vertex 5850 4375 2746.84
      vertex 5805 4375 2405
    endloop
  endfacet
  facet normal 0 1 0
    outer loop
      vertex 5850 4375 2746.84
      vertex 5800 4375 2405
      vertex 5800 4375 2775
    endloop
  endfacet
  facet normal 0 -0.5 -0.866025
    outer loop
      vertex 50 -9.15063 2419.09
      vertex 150 34.1506 2394.09
      vertex 150 -9.15063 2419.09
    endloop
  endfacet
  facet normal -0 -0.5 -0.866025
    outer loop
      vertex 150 34.1506 2394.09
      vertex 50 -9.15063 2419.09
      vertex 50 34.1506 2394.09
    endloop
  endfacet
  facet normal -0 0.499876 0.866097
    outer loop
      vertex 50 2500 6686.2
      vertex 150 2465.85 6705.91
      vertex 150 2500 6686.2
    endloop
  endfacet
  facet normal 0 0.499876 0.866097
    outer loop
      vertex 150 2465.85 6705.91
      vertex 50 2500 6686.2
      vertex 50 2465.85 6705.91
    endloop
  endfacet
  facet normal 1 -0 0
    outer loop
      vertex 150 4950 2421.54
      vertex 150 5009.15 2419.09
      vertex 150 4950 2425
    endloop
  endfacet
  facet normal 1 0 0
    outer loop
      vertex 150 2534.15 6705.91
      vertex 150 4950 2425
      vertex 150 5009.15 2419.09
    endloop
  endfacet
  facet normal 1 0 0
    outer loop
      vertex 150 2534.15 6705.91
      vertex 150 4948 2425
      vertex 150 4950 2425
    endloop
  endfacet
  facet normal 1 0 0
    outer loop
      vertex 150 2500 6665.06
      vertex 150 2534.15 6705.91
      vertex 150 2500 6686.2
    endloop
  endfacet
  facet normal 1 0 0
    outer loop
      vertex 150 2534.15 6705.91
      vertex 150 2500 6665.06
      vertex 150 4948 2425
    endloop
  endfacet
  facet normal 1 0 0
    outer loop
      vertex 150 2465.85 6705.91
      vertex 150 2500 6665.06
      vertex 150 2500 6686.2
    endloop
  endfacet
  facet normal 1 0 0
    outer loop
      vertex 150 2465.85 6705.91
      vertex 150 51.9982 2425
      vertex 150 2500 6665.06
    endloop
  endfacet
  facet normal 1 0 0
    outer loop
      vertex 150 2465.85 6705.91
      vertex 150 50 2425
      vertex 150 51.9982 2425
    endloop
  endfacet
  facet normal 1 0 0
    outer loop
      vertex 150 -9.15063 2419.09
      vertex 150 50 2421.54
      vertex 150 50 2425
    endloop
  endfacet
  facet normal 1 0 0
    outer loop
      vertex 150 50 2421.54
      vertex 150 -9.15063 2419.09
      vertex 150 34.1506 2394.09
    endloop
  endfacet
  facet normal 1 0 0
    outer loop
      vertex 150 -9.15063 2419.09
      vertex 150 50 2425
      vertex 150 2465.85 6705.91
    endloop
  endfacet
  facet normal 1 0 0
    outer loop
      vertex 150 5009.15 2419.09
      vertex 150 4950 2421.54
      vertex 150 4965.85 2394.09
    endloop
  endfacet
  facet normal 0 -0.866025 0.500001
    outer loop
      vertex 50 -9.15063 2419.09
      vertex 150 2465.85 6705.91
      vertex 50 2465.85 6705.91
    endloop
  endfacet
  facet normal 0 -0.866025 0.500001
    outer loop
      vertex 150 2465.85 6705.91
      vertex 50 -9.15063 2419.09
      vertex 150 -9.15063 2419.09
    endloop
  endfacet
  facet normal 0 0.86601 -0.500027
    outer loop
      vertex 150 34.1506 2394.09
      vertex 50 50 2421.54
      vertex 150 50 2421.54
    endloop
  endfacet
  facet normal 0 0.86601 -0.500027
    outer loop
      vertex 50 50 2421.54
      vertex 150 34.1506 2394.09
      vertex 50 34.1506 2394.09
    endloop
  endfacet
  facet normal 0 0.866025 -0.5
    outer loop
      vertex 150 51.9982 2425
      vertex 50 2500 6665.06
      vertex 150 2500 6665.06
    endloop
  endfacet
  facet normal 0 0.866025 -0.5
    outer loop
      vertex 50 2500 6665.06
      vertex 150 51.9982 2425
      vertex 50 51.9982 2425
    endloop
  endfacet
  facet normal 0 0.500011 -0.866019
    outer loop
      vertex 50 4965.85 2394.09
      vertex 150 5009.15 2419.09
      vertex 150 4965.85 2394.09
    endloop
  endfacet
  facet normal 0 0.500011 -0.866019
    outer loop
      vertex 150 5009.15 2419.09
      vertex 50 4965.85 2394.09
      vertex 50 5009.15 2419.09
    endloop
  endfacet
  facet normal 0 -0.499876 0.866097
    outer loop
      vertex 50 2534.15 6705.91
      vertex 150 2500 6686.2
      vertex 150 2534.15 6705.91
    endloop
  endfacet
  facet normal 0 -0.499876 0.866097
    outer loop
      vertex 150 2500 6686.2
      vertex 50 2534.15 6705.91
      vertex 50 2500 6686.2
    endloop
  endfacet
  facet normal 0 -0.866002 -0.500041
    outer loop
      vertex 50 4965.85 2394.09
      vertex 150 4950 2421.54
      vertex 50 4950 2421.54
    endloop
  endfacet
  facet normal 0 -0.866002 -0.500041
    outer loop
      vertex 150 4950 2421.54
      vertex 50 4965.85 2394.09
      vertex 150 4965.85 2394.09
    endloop
  endfacet
  facet normal 0 -0.866025 -0.5
    outer loop
      vertex 50 4948 2425
      vertex 150 2500 6665.06
      vertex 50 2500 6665.06
    endloop
  endfacet
  facet normal 0 -0.866025 -0.5
    outer loop
      vertex 150 2500 6665.06
      vertex 50 4948 2425
      vertex 150 4948 2425
    endloop
  endfacet
  facet normal 0 0.866025 0.500001
    outer loop
      vertex 150 5009.15 2419.09
      vertex 50 2534.15 6705.91
      vertex 150 2534.15 6705.91
    endloop
  endfacet
  facet normal 0 0.866025 0.500001
    outer loop
      vertex 50 2534.15 6705.91
      vertex 150 5009.15 2419.09
      vertex 50 5009.15 2419.09
    endloop
  endfacet
  facet normal 0 -0.819114 -0.573631
    outer loop
      vertex 50 65.1325 2354.82
      vertex 150 51.0003 2375
      vertex 50 51.0003 2375
    endloop
  endfacet
  facet normal 0 -0.819114 -0.573631
    outer loop
      vertex 150 51.0003 2375
      vertex 50 65.1325 2354.82
      vertex 150 65.1325 2354.82
    endloop
  endfacet
  facet normal 0 -0.819067 -0.573698
    outer loop
      vertex 50 50 2376.43
      vertex 150 36.4537 2395.77
      vertex 50 36.4537 2395.77
    endloop
  endfacet
  facet normal 0 -0.819067 -0.573698
    outer loop
      vertex 150 36.4537 2395.77
      vertex 50 50 2376.43
      vertex 150 50 2376.43
    endloop
  endfacet
  facet normal 0 0.819028 0.573753
    outer loop
      vertex 150 2563.55 4104.23
      vertex 50 2549 4125
      vertex 150 2549 4125
    endloop
  endfacet
  facet normal 0 0.819028 0.573753
    outer loop
      vertex 50 2549 4125
      vertex 150 2563.55 4104.23
      vertex 50 2563.55 4104.23
    endloop
  endfacet
  facet normal 1 0 0
    outer loop
      vertex 150 2549 4125
      vertex 150 2543.59 4090.25
      vertex 150 2563.55 4104.23
    endloop
  endfacet
  facet normal 1 0 0
    outer loop
      vertex 150 2456.41 4090.25
      vertex 150 2543.59 4090.25
      vertex 150 2549 4125
    endloop
  endfacet
  facet normal 1 0 0
    outer loop
      vertex 150 2525 4042.22
      vertex 150 2475 4042.22
      vertex 150 2525 4000
    endloop
  endfacet
  facet normal 1 0 0
    outer loop
      vertex 150 2543.59 4090.25
      vertex 150 2456.41 4090.25
      vertex 150 2525 4042.22
    endloop
  endfacet
  facet normal 1 0 0
    outer loop
      vertex 150 2525 4042.22
      vertex 150 2456.41 4090.25
      vertex 150 2475 4042.22
    endloop
  endfacet
  facet normal 1 -0 0
    outer loop
      vertex 150 2451 4125
      vertex 150 2456.41 4090.25
      vertex 150 2549 4125
    endloop
  endfacet
  facet normal 1 0 0
    outer loop
      vertex 150 2456.41 4090.25
      vertex 150 2451 4125
      vertex 150 2436.45 4104.23
    endloop
  endfacet
  facet normal 1 -0 0
    outer loop
      vertex 150 4375 2746.84
      vertex 150 4850 2425
      vertex 150 4375 2775
    endloop
  endfacet
  facet normal 1 0 0
    outer loop
      vertex 150 4921.81 2425
      vertex 150 4375 2775
      vertex 150 4850 2425
    endloop
  endfacet
  facet normal 1 0 0
    outer loop
      vertex 150 4375 2775
      vertex 150 3775 3175
      vertex 150 4334.78 2775
    endloop
  endfacet
  facet normal 1 0 0
    outer loop
      vertex 150 4921.81 2425
      vertex 150 3775 3175
      vertex 150 4375 2775
    endloop
  endfacet
  facet normal 1 0 0
    outer loop
      vertex 150 2543.59 4090.25
      vertex 150 3775 3175
      vertex 150 4921.81 2425
    endloop
  endfacet
  facet normal 1 0 0
    outer loop
      vertex 150 2543.59 4090.25
      vertex 150 3763.52 3175
      vertex 150 3775 3175
    endloop
  endfacet
  facet normal 1 0 0
    outer loop
      vertex 150 3763.52 3175
      vertex 150 2543.59 4090.25
      vertex 150 2525 4042.22
    endloop
  endfacet
  facet normal 1 0 0
    outer loop
      vertex 150 4850 2425
      vertex 150 4375 2746.84
      vertex 150 4850 2414.24
    endloop
  endfacet
  facet normal 1 0 0
    outer loop
      vertex 150 4334.78 2775
      vertex 150 3775 3175
      vertex 150 3775 3166.97
    endloop
  endfacet
  facet normal 1 0 0
    outer loop
      vertex 150 2525 4000
      vertex 150 2475 4042.22
      vertex 150 2475 4000
    endloop
  endfacet
  facet normal 1 0 0
    outer loop
      vertex 150 2456.41 4090.25
      vertex 150 1236.48 3175
      vertex 150 2475 4042.22
    endloop
  endfacet
  facet normal 1 0 0
    outer loop
      vertex 150 2456.41 4090.25
      vertex 150 1225 3175
      vertex 150 1236.48 3175
    endloop
  endfacet
  facet normal 1 0 0
    outer loop
      vertex 150 1225 3175
      vertex 150 665.216 2775
      vertex 150 1225 3166.97
    endloop
  endfacet
  facet normal 1 0 0
    outer loop
      vertex 150 625 2775
      vertex 150 1225 3175
      vertex 150 2456.41 4090.25
    endloop
  endfacet
  facet normal 1 0 0
    outer loop
      vertex 150 1225 3175
      vertex 150 625 2775
      vertex 150 665.216 2775
    endloop
  endfacet
  facet normal 1 0 0
    outer loop
      vertex 150 625 2775
      vertex 150 150 2425
      vertex 150 625 2746.84
    endloop
  endfacet
  facet normal 1 0 0
    outer loop
      vertex 150 625 2775
      vertex 150 78.1917 2425
      vertex 150 150 2425
    endloop
  endfacet
  facet normal 1 0 0
    outer loop
      vertex 150 78.1917 2425
      vertex 150 625 2775
      vertex 150 2456.41 4090.25
    endloop
  endfacet
  facet normal 1 0 0
    outer loop
      vertex 150 625 2746.84
      vertex 150 150 2425
      vertex 150 150 2414.24
    endloop
  endfacet
  facet normal 1 0 0
    outer loop
      vertex 150 4949 2375
      vertex 150 4906.04 2375
      vertex 150 4934.87 2354.82
    endloop
  endfacet
  facet normal 1 0 0
    outer loop
      vertex 150 4950 2405.26
      vertex 150 4950 2376.43
      vertex 150 4963.55 2395.77
    endloop
  endfacet
  facet normal 1 -0 0
    outer loop
      vertex 150 2475 6500
      vertex 150 2525 4175
      vertex 150 2525 6500
    endloop
  endfacet
  facet normal 1 0 0
    outer loop
      vertex 150 2525 4175
      vertex 150 2475 6500
      vertex 150 2475 4175
    endloop
  endfacet
  facet normal 1 0 0
    outer loop
      vertex 150 50 2405.26
      vertex 150 36.4537 2395.77
      vertex 150 50 2376.43
    endloop
  endfacet
  facet normal 1 0 0
    outer loop
      vertex 150 93.9567 2375
      vertex 150 51.0003 2375
      vertex 150 65.1325 2354.82
    endloop
  endfacet
  facet normal 0 -0.57377 0.819016
    outer loop
      vertex 50 50 2405.26
      vertex 150 36.4537 2395.77
      vertex 150 50 2405.26
    endloop
  endfacet
  facet normal 0 -0.57377 0.819016
    outer loop
      vertex 150 36.4537 2395.77
      vertex 50 50 2405.26
      vertex 50 36.4537 2395.77
    endloop
  endfacet
  facet normal 0 -0.573577 0.819151
    outer loop
      vertex 50 2456.41 4090.25
      vertex 150 78.1917 2425
      vertex 150 2456.41 4090.25
    endloop
  endfacet
  facet normal 0 -0.573577 0.819151
    outer loop
      vertex 150 78.1917 2425
      vertex 50 2456.41 4090.25
      vertex 50 78.1917 2425
    endloop
  endfacet
  facet normal 0 0.573521 -0.819191
    outer loop
      vertex 50 65.1325 2354.82
      vertex 150 93.9567 2375
      vertex 150 65.1325 2354.82
    endloop
  endfacet
  facet normal 0 0.573521 -0.819191
    outer loop
      vertex 150 93.9567 2375
      vertex 50 65.1325 2354.82
      vertex 50 93.9567 2375
    endloop
  endfacet
  facet normal 0 0.573683 -0.819078
    outer loop
      vertex 50 2543.59 4090.25
      vertex 150 2563.55 4104.23
      vertex 150 2543.59 4090.25
    endloop
  endfacet
  facet normal 0 0.573683 -0.819078
    outer loop
      vertex 150 2563.55 4104.23
      vertex 50 2543.59 4090.25
      vertex 50 2563.55 4104.23
    endloop
  endfacet
  facet normal 0 0.573578 -0.819151
    outer loop
      vertex 150 150 2414.24
      vertex 100 625 2746.84
      vertex 150 625 2746.84
    endloop
  endfacet
  facet normal -6.4528e-05 0.573583 -0.819148
    outer loop
      vertex 50 150 2414.24
      vertex 100 665.216 2775
      vertex 100 625 2746.84
    endloop
  endfacet
  facet normal -4.50612e-05 0.573581 -0.819149
    outer loop
      vertex 100 665.216 2775
      vertex 50 150 2414.24
      vertex 100 1225 3166.97
    endloop
  endfacet
  facet normal 0.0129762 0.573127 -0.819364
    outer loop
      vertex 100 1225 3166.97
      vertex 50 150 2414.24
      vertex 100 1236.48 3175
    endloop
  endfacet
  facet normal 0 0.573578 -0.819151
    outer loop
      vertex 50 150 2414.24
      vertex 100 625 2746.84
      vertex 150 150 2414.24
    endloop
  endfacet
  facet normal 0 0.573581 -0.819149
    outer loop
      vertex 100 665.216 2775
      vertex 150 1225 3166.97
      vertex 150 665.216 2775
    endloop
  endfacet
  facet normal 0 0.573581 -0.819149
    outer loop
      vertex 150 1225 3166.97
      vertex 100 665.216 2775
      vertex 100 1225 3166.97
    endloop
  endfacet
  facet normal 0 0.573576 -0.819152
    outer loop
      vertex 100 1236.48 3175
      vertex 150 2475 4042.22
      vertex 150 1236.48 3175
    endloop
  endfacet
  facet normal -5.00581e-06 0.573576 -0.819152
    outer loop
      vertex 50 2475 4042.22
      vertex 100 1236.48 3175
      vertex 50 150 2414.24
    endloop
  endfacet
  facet normal 0 0.573576 -0.819152
    outer loop
      vertex 100 1236.48 3175
      vertex 50 2475 4042.22
      vertex 150 2475 4042.22
    endloop
  endfacet
  facet normal 0 0.818993 -0.573803
    outer loop
      vertex 150 4950 2376.43
      vertex 50 4963.55 2395.77
      vertex 150 4963.55 2395.77
    endloop
  endfacet
  facet normal 0 0.818993 -0.573803
    outer loop
      vertex 50 4963.55 2395.77
      vertex 150 4950 2376.43
      vertex 50 4950 2376.43
    endloop
  endfacet
  facet normal 0 0.819156 -0.573571
    outer loop
      vertex 150 4934.87 2354.82
      vertex 50 4949 2375
      vertex 150 4949 2375
    endloop
  endfacet
  facet normal 0 0.819156 -0.573571
    outer loop
      vertex 50 4949 2375
      vertex 150 4934.87 2354.82
      vertex 50 4934.87 2354.82
    endloop
  endfacet
  facet normal 0 -0.819028 0.573753
    outer loop
      vertex 50 2436.45 4104.23
      vertex 150 2451 4125
      vertex 50 2451 4125
    endloop
  endfacet
  facet normal 0 -0.819028 0.573753
    outer loop
      vertex 150 2451 4125
      vertex 50 2436.45 4104.23
      vertex 150 2436.45 4104.23
    endloop
  endfacet
  facet normal 0 -0.573443 -0.819245
    outer loop
      vertex 50 4906.04 2375
      vertex 150 4934.87 2354.82
      vertex 150 4906.04 2375
    endloop
  endfacet
  facet normal -0 -0.573443 -0.819245
    outer loop
      vertex 150 4934.87 2354.82
      vertex 50 4906.04 2375
      vertex 50 4934.87 2354.82
    endloop
  endfacet
  facet normal 0 -0.573683 -0.819078
    outer loop
      vertex 50 2436.45 4104.23
      vertex 150 2456.41 4090.25
      vertex 150 2436.45 4104.23
    endloop
  endfacet
  facet normal -0 -0.573683 -0.819078
    outer loop
      vertex 150 2456.41 4090.25
      vertex 50 2436.45 4104.23
      vertex 50 2456.41 4090.25
    endloop
  endfacet
  facet normal 0 -0.573576 -0.819152
    outer loop
      vertex 150 2525 4042.22
      vertex 100 3763.52 3175
      vertex 150 3763.52 3175
    endloop
  endfacet
  facet normal 0.0129762 -0.573127 -0.819364
    outer loop
      vertex 50 4850 2414.24
      vertex 100 3775 3166.97
      vertex 100 3763.52 3175
    endloop
  endfacet
  facet normal -0.000133181 -0.573584 -0.819147
    outer loop
      vertex 100 3775 3166.97
      vertex 50 4850 2414.24
      vertex 100 4334.78 2775
    endloop
  endfacet
  facet normal -5.00581e-06 -0.573576 -0.819152
    outer loop
      vertex 50 4850 2414.24
      vertex 100 3763.52 3175
      vertex 50 2525 4042.22
    endloop
  endfacet
  facet normal 0 -0.573576 -0.819152
    outer loop
      vertex 50 2525 4042.22
      vertex 100 3763.52 3175
      vertex 150 2525 4042.22
    endloop
  endfacet
  facet normal 0 -0.573584 -0.819147
    outer loop
      vertex 100 3775 3166.97
      vertex 150 4334.78 2775
      vertex 150 3775 3166.97
    endloop
  endfacet
  facet normal -0 -0.573584 -0.819147
    outer loop
      vertex 150 4334.78 2775
      vertex 100 3775 3166.97
      vertex 100 4334.78 2775
    endloop
  endfacet
  facet normal 0 -0.573578 -0.819151
    outer loop
      vertex 100 4375 2746.84
      vertex 150 4850 2414.24
      vertex 150 4375 2746.84
    endloop
  endfacet
  facet normal 0 -0.573578 -0.819151
    outer loop
      vertex 100 4375 2746.84
      vertex 50 4850 2414.24
      vertex 150 4850 2414.24
    endloop
  endfacet
  facet normal 0.00047741 -0.573544 -0.819174
    outer loop
      vertex 100 4334.78 2775
      vertex 50 4850 2414.24
      vertex 100 4375 2746.84
    endloop
  endfacet
  facet normal -0 0.573665 0.81909
    outer loop
      vertex 50 4963.55 2395.77
      vertex 150 4950 2405.26
      vertex 150 4963.55 2395.77
    endloop
  endfacet
  facet normal 0 0.573665 0.81909
    outer loop
      vertex 150 4950 2405.26
      vertex 50 4963.55 2395.77
      vertex 50 4950 2405.26
    endloop
  endfacet
  facet normal -0 0.573577 0.819152
    outer loop
      vertex 50 4921.81 2425
      vertex 150 2543.59 4090.25
      vertex 150 4921.81 2425
    endloop
  endfacet
  facet normal 0 0.573577 0.819152
    outer loop
      vertex 150 2543.59 4090.25
      vertex 50 4921.81 2425
      vertex 50 2543.59 4090.25
    endloop
  endfacet
  facet normal 0 0 -1
    outer loop
      vertex 50 2475 4000
      vertex 150 2525 4000
      vertex 150 2475 4000
    endloop
  endfacet
  facet normal -0 0 -1
    outer loop
      vertex 150 2525 4000
      vertex 50 2475 4000
      vertex 50 2525 4000
    endloop
  endfacet
  facet normal -0 0 1
    outer loop
      vertex 50 2525 6500
      vertex 150 2475 6500
      vertex 150 2525 6500
    endloop
  endfacet
  facet normal 0 0 1
    outer loop
      vertex 150 2475 6500
      vertex 50 2525 6500
      vertex 50 2475 6500
    endloop
  endfacet
  facet normal 0 -1 0
    outer loop
      vertex 50 2475 4000
      vertex 150 2475 4042.22
      vertex 50 2475 4042.22
    endloop
  endfacet
  facet normal 0 -1 -0
    outer loop
      vertex 150 2475 4042.22
      vertex 50 2475 4000
      vertex 150 2475 4000
    endloop
  endfacet
  facet normal 0 -1 0
    outer loop
      vertex 50 2475 4175
      vertex 150 2475 6500
      vertex 50 2475 6500
    endloop
  endfacet
  facet normal 0 -1 -0
    outer loop
      vertex 150 2475 6500
      vertex 50 2475 4175
      vertex 150 2475 4175
    endloop
  endfacet
  facet normal 0 1 -0
    outer loop
      vertex 150 2525 4000
      vertex 50 2525 4042.22
      vertex 150 2525 4042.22
    endloop
  endfacet
  facet normal 0 1 0
    outer loop
      vertex 50 2525 4042.22
      vertex 150 2525 4000
      vertex 50 2525 4000
    endloop
  endfacet
  facet normal 0 1 -0
    outer loop
      vertex 150 2525 4175
      vertex 50 2525 6500
      vertex 150 2525 6500
    endloop
  endfacet
  facet normal 0 1 0
    outer loop
      vertex 50 2525 6500
      vertex 150 2525 4175
      vertex 50 2525 4175
    endloop
  endfacet
  facet normal 0 -0.5 -0.866025
    outer loop
      vertex 1200 -9.15063 2419.09
      vertex 1300 34.1506 2394.09
      vertex 1300 -9.15063 2419.09
    endloop
  endfacet
  facet normal -0 -0.5 -0.866025
    outer loop
      vertex 1300 34.1506 2394.09
      vertex 1200 -9.15063 2419.09
      vertex 1200 34.1506 2394.09
    endloop
  endfacet
  facet normal -0 0.499876 0.866097
    outer loop
      vertex 1200 2500 6686.2
      vertex 1300 2465.85 6705.91
      vertex 1300 2500 6686.2
    endloop
  endfacet
  facet normal 0 0.499876 0.866097
    outer loop
      vertex 1300 2465.85 6705.91
      vertex 1200 2500 6686.2
      vertex 1200 2465.85 6705.91
    endloop
  endfacet
  facet normal -1 0 0
    outer loop
      vertex 1200 -9.15063 2419.09
      vertex 1200 50 2421.54
      vertex 1200 34.1506 2394.09
    endloop
  endfacet
  facet normal -1 0 0
    outer loop
      vertex 1200 4950 2421.54
      vertex 1200 5009.15 2419.09
      vertex 1200 4965.85 2394.09
    endloop
  endfacet
  facet normal -1 0 0
    outer loop
      vertex 1200 4950 2425
      vertex 1200 5009.15 2419.09
      vertex 1200 4950 2421.54
    endloop
  endfacet
  facet normal -1 0 0
    outer loop
      vertex 1200 4950 2425
      vertex 1200 2534.15 6705.91
      vertex 1200 5009.15 2419.09
    endloop
  endfacet
  facet normal -1 0 0
    outer loop
      vertex 1200 4948 2425
      vertex 1200 2534.15 6705.91
      vertex 1200 4950 2425
    endloop
  endfacet
  facet normal -1 0 0
    outer loop
      vertex 1200 2500 6665.06
      vertex 1200 2534.15 6705.91
      vertex 1200 4948 2425
    endloop
  endfacet
  facet normal -1 0 0
    outer loop
      vertex 1200 2500 6665.06
      vertex 1200 2500 6686.2
      vertex 1200 2534.15 6705.91
    endloop
  endfacet
  facet normal -1 0 0
    outer loop
      vertex 1200 2500 6665.06
      vertex 1200 2465.85 6705.91
      vertex 1200 2500 6686.2
    endloop
  endfacet
  facet normal -1 0 0
    outer loop
      vertex 1200 51.9982 2425
      vertex 1200 2465.85 6705.91
      vertex 1200 2500 6665.06
    endloop
  endfacet
  facet normal -1 0 0
    outer loop
      vertex 1200 50 2425
      vertex 1200 2465.85 6705.91
      vertex 1200 51.9982 2425
    endloop
  endfacet
  facet normal -1 -0 0
    outer loop
      vertex 1200 50 2425
      vertex 1200 -9.15063 2419.09
      vertex 1200 2465.85 6705.91
    endloop
  endfacet
  facet normal -1 -0 0
    outer loop
      vertex 1200 50 2421.54
      vertex 1200 -9.15063 2419.09
      vertex 1200 50 2425
    endloop
  endfacet
  facet normal 1 -0 0
    outer loop
      vertex 1300 4950 2421.54
      vertex 1300 5009.15 2419.09
      vertex 1300 4950 2425
    endloop
  endfacet
  facet normal 1 0 0
    outer loop
      vertex 1300 2534.15 6705.91
      vertex 1300 4950 2425
      vertex 1300 5009.15 2419.09
    endloop
  endfacet
  facet normal 1 0 0
    outer loop
      vertex 1300 2534.15 6705.91
      vertex 1300 4948 2425
      vertex 1300 4950 2425
    endloop
  endfacet
  facet normal 1 0 0
    outer loop
      vertex 1300 2500 6665.06
      vertex 1300 2534.15 6705.91
      vertex 1300 2500 6686.2
    endloop
  endfacet
  facet normal 1 0 0
    outer loop
      vertex 1300 2534.15 6705.91
      vertex 1300 2500 6665.06
      vertex 1300 4948 2425
    endloop
  endfacet
  facet normal 1 0 0
    outer loop
      vertex 1300 2465.85 6705.91
      vertex 1300 2500 6665.06
      vertex 1300 2500 6686.2
    endloop
  endfacet
  facet normal 1 0 0
    outer loop
      vertex 1300 2465.85 6705.91
      vertex 1300 51.9982 2425
      vertex 1300 2500 6665.06
    endloop
  endfacet
  facet normal 1 0 0
    outer loop
      vertex 1300 2465.85 6705.91
      vertex 1300 50 2425
      vertex 1300 51.9982 2425
    endloop
  endfacet
  facet normal 1 0 0
    outer loop
      vertex 1300 -9.15063 2419.09
      vertex 1300 50 2421.54
      vertex 1300 50 2425
    endloop
  endfacet
  facet normal 1 0 0
    outer loop
      vertex 1300 50 2421.54
      vertex 1300 -9.15063 2419.09
      vertex 1300 34.1506 2394.09
    endloop
  endfacet
  facet normal 1 0 0
    outer loop
      vertex 1300 -9.15063 2419.09
      vertex 1300 50 2425
      vertex 1300 2465.85 6705.91
    endloop
  endfacet
  facet normal 1 0 0
    outer loop
      vertex 1300 5009.15 2419.09
      vertex 1300 4950 2421.54
      vertex 1300 4965.85 2394.09
    endloop
  endfacet
  facet normal 0 -0.866025 0.500001
    outer loop
      vertex 1200 -9.15063 2419.09
      vertex 1300 2465.85 6705.91
      vertex 1200 2465.85 6705.91
    endloop
  endfacet
  facet normal 0 -0.866025 0.500001
    outer loop
      vertex 1300 2465.85 6705.91
      vertex 1200 -9.15063 2419.09
      vertex 1300 -9.15063 2419.09
    endloop
  endfacet
  facet normal 0 0.86601 -0.500027
    outer loop
      vertex 1300 34.1506 2394.09
      vertex 1200 50 2421.54
      vertex 1300 50 2421.54
    endloop
  endfacet
  facet normal 0 0.86601 -0.500027
    outer loop
      vertex 1200 50 2421.54
      vertex 1300 34.1506 2394.09
      vertex 1200 34.1506 2394.09
    endloop
  endfacet
  facet normal 0 0.866025 -0.5
    outer loop
      vertex 1300 51.9982 2425
      vertex 1200 2500 6665.06
      vertex 1300 2500 6665.06
    endloop
  endfacet
  facet normal 0 0.866025 -0.5
    outer loop
      vertex 1200 2500 6665.06
      vertex 1300 51.9982 2425
      vertex 1200 51.9982 2425
    endloop
  endfacet
  facet normal 0 0.500011 -0.866019
    outer loop
      vertex 1200 4965.85 2394.09
      vertex 1300 5009.15 2419.09
      vertex 1300 4965.85 2394.09
    endloop
  endfacet
  facet normal 0 0.500011 -0.866019
    outer loop
      vertex 1300 5009.15 2419.09
      vertex 1200 4965.85 2394.09
      vertex 1200 5009.15 2419.09
    endloop
  endfacet
  facet normal 0 -0.499876 0.866097
    outer loop
      vertex 1200 2534.15 6705.91
      vertex 1300 2500 6686.2
      vertex 1300 2534.15 6705.91
    endloop
  endfacet
  facet normal 0 -0.499876 0.866097
    outer loop
      vertex 1300 2500 6686.2
      vertex 1200 2534.15 6705.91
      vertex 1200 2500 6686.2
    endloop
  endfacet
  facet normal 0 -0.866002 -0.500041
    outer loop
      vertex 1200 4965.85 2394.09
      vertex 1300 4950 2421.54
      vertex 1200 4950 2421.54
    endloop
  endfacet
  facet normal 0 -0.866002 -0.500041
    outer loop
      vertex 1300 4950 2421.54
      vertex 1200 4965.85 2394.09
      vertex 1300 4965.85 2394.09
    endloop
  endfacet
  facet normal 0 -0.866025 -0.5
    outer loop
      vertex 1200 4948 2425
      vertex 1300 2500 6665.06
      vertex 1200 2500 6665.06
    endloop
  endfacet
  facet normal 0 -0.866025 -0.5
    outer loop
      vertex 1300 2500 6665.06
      vertex 1200 4948 2425
      vertex 1300 4948 2425
    endloop
  endfacet
  facet normal 0 0.866025 0.500001
    outer loop
      vertex 1300 5009.15 2419.09
      vertex 1200 2534.15 6705.91
      vertex 1300 2534.15 6705.91
    endloop
  endfacet
  facet normal 0 0.866025 0.500001
    outer loop
      vertex 1200 2534.15 6705.91
      vertex 1300 5009.15 2419.09
      vertex 1200 5009.15 2419.09
    endloop
  endfacet
  facet normal 0 -0.819114 -0.573631
    outer loop
      vertex 1200 65.1325 2354.82
      vertex 1300 51.0003 2375
      vertex 1200 51.0003 2375
    endloop
  endfacet
  facet normal 0 -0.819114 -0.573631
    outer loop
      vertex 1300 51.0003 2375
      vertex 1200 65.1325 2354.82
      vertex 1300 65.1325 2354.82
    endloop
  endfacet
  facet normal 0 -0.819067 -0.573698
    outer loop
      vertex 1200 50 2376.43
      vertex 1300 36.4537 2395.77
      vertex 1200 36.4537 2395.77
    endloop
  endfacet
  facet normal 0 -0.819067 -0.573698
    outer loop
      vertex 1300 36.4537 2395.77
      vertex 1200 50 2376.43
      vertex 1300 50 2376.43
    endloop
  endfacet
  facet normal 0 0.819028 0.573753
    outer loop
      vertex 1300 2563.55 4104.23
      vertex 1200 2549 4125
      vertex 1300 2549 4125
    endloop
  endfacet
  facet normal 0 0.819028 0.573753
    outer loop
      vertex 1200 2549 4125
      vertex 1300 2563.55 4104.23
      vertex 1200 2563.55 4104.23
    endloop
  endfacet
  facet normal -1 0 0
    outer loop
      vertex 1200 65.1325 2354.82
      vertex 1200 51.0003 2375
      vertex 1200 93.9567 2375
    endloop
  endfacet
  facet normal -1 0 0
    outer loop
      vertex 1200 2525 4000
      vertex 1200 2475 4000
      vertex 1200 2525 4042.22
    endloop
  endfacet
  facet normal -1 0 0
    outer loop
      vertex 1200 2525 4042.22
      vertex 1200 4850 2425
      vertex 1200 4850 2414.24
    endloop
  endfacet
  facet normal -1 0 0
    outer loop
      vertex 1200 4850 2425
      vertex 1200 2525 4042.22
      vertex 1200 2543.59 4090.25
    endloop
  endfacet
  facet normal -1 0 0
    outer loop
      vertex 1200 4921.81 2425
      vertex 1200 4850 2425
      vertex 1200 2543.59 4090.25
    endloop
  endfacet
  facet normal -1 0 0
    outer loop
      vertex 1200 2543.59 4090.25
      vertex 1200 2549 4125
      vertex 1200 2563.55 4104.23
    endloop
  endfacet
  facet normal -1 0 0
    outer loop
      vertex 1200 2456.41 4090.25
      vertex 1200 2543.59 4090.25
      vertex 1200 2525 4042.22
    endloop
  endfacet
  facet normal -1 0 0
    outer loop
      vertex 1200 2475 4042.22
      vertex 1200 2525 4042.22
      vertex 1200 2475 4000
    endloop
  endfacet
  facet normal -1 0 0
    outer loop
      vertex 1200 2456.41 4090.25
      vertex 1200 2525 4042.22
      vertex 1200 2475 4042.22
    endloop
  endfacet
  facet normal -1 0 0
    outer loop
      vertex 1200 2543.59 4090.25
      vertex 1200 2456.41 4090.25
      vertex 1200 2549 4125
    endloop
  endfacet
  facet normal -1 0 0
    outer loop
      vertex 1200 2456.41 4090.25
      vertex 1200 2451 4125
      vertex 1200 2549 4125
    endloop
  endfacet
  facet normal -1 0 -0
    outer loop
      vertex 1200 2451 4125
      vertex 1200 2456.41 4090.25
      vertex 1200 2436.45 4104.23
    endloop
  endfacet
  facet normal -1 0 0
    outer loop
      vertex 1200 150 2425
      vertex 1200 2475 4042.22
      vertex 1200 150 2414.24
    endloop
  endfacet
  facet normal -1 -0 0
    outer loop
      vertex 1200 2475 4042.22
      vertex 1200 150 2425
      vertex 1200 2456.41 4090.25
    endloop
  endfacet
  facet normal -1 0 0
    outer loop
      vertex 1200 2456.41 4090.25
      vertex 1200 150 2425
      vertex 1200 78.1917 2425
    endloop
  endfacet
  facet normal -1 0 0
    outer loop
      vertex 1200 50 2376.43
      vertex 1200 36.4537 2395.77
      vertex 1200 50 2405.26
    endloop
  endfacet
  facet normal -1 0 0
    outer loop
      vertex 1200 2475 4175
      vertex 1200 2525 6500
      vertex 1200 2525 4175
    endloop
  endfacet
  facet normal -1 -0 0
    outer loop
      vertex 1200 2525 6500
      vertex 1200 2475 4175
      vertex 1200 2475 6500
    endloop
  endfacet
  facet normal -1 -0 0
    outer loop
      vertex 1200 4963.55 2395.77
      vertex 1200 4950 2376.43
      vertex 1200 4950 2405.26
    endloop
  endfacet
  facet normal -1 0 0
    outer loop
      vertex 1200 4934.87 2354.82
      vertex 1200 4906.04 2375
      vertex 1200 4949 2375
    endloop
  endfacet
  facet normal 1 0 0
    outer loop
      vertex 1300 2456.41 4090.25
      vertex 1300 78.1917 2425
      vertex 1300 150 2425
    endloop
  endfacet
  facet normal 1 0 0
    outer loop
      vertex 1300 2549 4125
      vertex 1300 2543.59 4090.25
      vertex 1300 2563.55 4104.23
    endloop
  endfacet
  facet normal 1 0 0
    outer loop
      vertex 1300 2456.41 4090.25
      vertex 1300 2543.59 4090.25
      vertex 1300 2549 4125
    endloop
  endfacet
  facet normal 1 0 0
    outer loop
      vertex 1300 2525 4042.22
      vertex 1300 2475 4042.22
      vertex 1300 2525 4000
    endloop
  endfacet
  facet normal 1 0 0
    outer loop
      vertex 1300 2543.59 4090.25
      vertex 1300 2456.41 4090.25
      vertex 1300 2525 4042.22
    endloop
  endfacet
  facet normal 1 0 0
    outer loop
      vertex 1300 2525 4042.22
      vertex 1300 2456.41 4090.25
      vertex 1300 2475 4042.22
    endloop
  endfacet
  facet normal 1 -0 0
    outer loop
      vertex 1300 2451 4125
      vertex 1300 2456.41 4090.25
      vertex 1300 2549 4125
    endloop
  endfacet
  facet normal 1 0 0
    outer loop
      vertex 1300 2456.41 4090.25
      vertex 1300 2451 4125
      vertex 1300 2436.45 4104.23
    endloop
  endfacet
  facet normal 1 0 0
    outer loop
      vertex 1300 2543.59 4090.25
      vertex 1300 4850 2425
      vertex 1300 4921.81 2425
    endloop
  endfacet
  facet normal 1 -0 0
    outer loop
      vertex 1300 2525 4042.22
      vertex 1300 4850 2425
      vertex 1300 2543.59 4090.25
    endloop
  endfacet
  facet normal 1 0 0
    outer loop
      vertex 1300 4850 2425
      vertex 1300 2525 4042.22
      vertex 1300 4850 2414.24
    endloop
  endfacet
  facet normal 1 0 0
    outer loop
      vertex 1300 2525 4000
      vertex 1300 2475 4042.22
      vertex 1300 2475 4000
    endloop
  endfacet
  facet normal 1 0 0
    outer loop
      vertex 1300 150 2425
      vertex 1300 2475 4042.22
      vertex 1300 2456.41 4090.25
    endloop
  endfacet
  facet normal 1 0 0
    outer loop
      vertex 1300 2475 4042.22
      vertex 1300 150 2425
      vertex 1300 150 2414.24
    endloop
  endfacet
  facet normal 1 0 0
    outer loop
      vertex 1300 50 2405.26
      vertex 1300 36.4537 2395.77
      vertex 1300 50 2376.43
    endloop
  endfacet
  facet normal 1 0 0
    outer loop
      vertex 1300 93.9567 2375
      vertex 1300 51.0003 2375
      vertex 1300 65.1325 2354.82
    endloop
  endfacet
  facet normal 1 -0 0
    outer loop
      vertex 1300 2475 6500
      vertex 1300 2525 4175
      vertex 1300 2525 6500
    endloop
  endfacet
  facet normal 1 0 0
    outer loop
      vertex 1300 2525 4175
      vertex 1300 2475 6500
      vertex 1300 2475 4175
    endloop
  endfacet
  facet normal 1 0 0
    outer loop
      vertex 1300 4949 2375
      vertex 1300 4906.04 2375
      vertex 1300 4934.87 2354.82
    endloop
  endfacet
  facet normal 1 0 0
    outer loop
      vertex 1300 4950 2405.26
      vertex 1300 4950 2376.43
      vertex 1300 4963.55 2395.77
    endloop
  endfacet
  facet normal 0 -0.57377 0.819016
    outer loop
      vertex 1200 50 2405.26
      vertex 1300 36.4537 2395.77
      vertex 1300 50 2405.26
    endloop
  endfacet
  facet normal 0 -0.57377 0.819016
    outer loop
      vertex 1300 36.4537 2395.77
      vertex 1200 50 2405.26
      vertex 1200 36.4537 2395.77
    endloop
  endfacet
  facet normal 0 -0.573577 0.819151
    outer loop
      vertex 1200 2456.41 4090.25
      vertex 1300 78.1917 2425
      vertex 1300 2456.41 4090.25
    endloop
  endfacet
  facet normal 0 -0.573577 0.819151
    outer loop
      vertex 1300 78.1917 2425
      vertex 1200 2456.41 4090.25
      vertex 1200 78.1917 2425
    endloop
  endfacet
  facet normal 0 0.573521 -0.819191
    outer loop
      vertex 1200 65.1325 2354.82
      vertex 1300 93.9567 2375
      vertex 1300 65.1325 2354.82
    endloop
  endfacet
  facet normal 0 0.573521 -0.819191
    outer loop
      vertex 1300 93.9567 2375
      vertex 1200 65.1325 2354.82
      vertex 1200 93.9567 2375
    endloop
  endfacet
  facet normal 0 0.573683 -0.819078
    outer loop
      vertex 1200 2543.59 4090.25
      vertex 1300 2563.55 4104.23
      vertex 1300 2543.59 4090.25
    endloop
  endfacet
  facet normal 0 0.573683 -0.819078
    outer loop
      vertex 1300 2563.55 4104.23
      vertex 1200 2543.59 4090.25
      vertex 1200 2563.55 4104.23
    endloop
  endfacet
  facet normal 0 0.573576 -0.819152
    outer loop
      vertex 1200 150 2414.24
      vertex 1300 2475 4042.22
      vertex 1300 150 2414.24
    endloop
  endfacet
  facet normal 0 0.573576 -0.819152
    outer loop
      vertex 1300 2475 4042.22
      vertex 1200 150 2414.24
      vertex 1200 2475 4042.22
    endloop
  endfacet
  facet normal 0 0.818993 -0.573803
    outer loop
      vertex 1300 4950 2376.43
      vertex 1200 4963.55 2395.77
      vertex 1300 4963.55 2395.77
    endloop
  endfacet
  facet normal 0 0.818993 -0.573803
    outer loop
      vertex 1200 4963.55 2395.77
      vertex 1300 4950 2376.43
      vertex 1200 4950 2376.43
    endloop
  endfacet
  facet normal 0 0.819156 -0.573571
    outer loop
      vertex 1300 4934.87 2354.82
      vertex 1200 4949 2375
      vertex 1300 4949 2375
    endloop
  endfacet
  facet normal 0 0.819156 -0.573571
    outer loop
      vertex 1200 4949 2375
      vertex 1300 4934.87 2354.82
      vertex 1200 4934.87 2354.82
    endloop
  endfacet
  facet normal 0 -0.819028 0.573753
    outer loop
      vertex 1200 2436.45 4104.23
      vertex 1300 2451 4125
      vertex 1200 2451 4125
    endloop
  endfacet
  facet normal 0 -0.819028 0.573753
    outer loop
      vertex 1300 2451 4125
      vertex 1200 2436.45 4104.23
      vertex 1300 2436.45 4104.23
    endloop
  endfacet
  facet normal 0 -0.573443 -0.819245
    outer loop
      vertex 1200 4906.04 2375
      vertex 1300 4934.87 2354.82
      vertex 1300 4906.04 2375
    endloop
  endfacet
  facet normal -0 -0.573443 -0.819245
    outer loop
      vertex 1300 4934.87 2354.82
      vertex 1200 4906.04 2375
      vertex 1200 4934.87 2354.82
    endloop
  endfacet
  facet normal 0 -0.573683 -0.819078
    outer loop
      vertex 1200 2436.45 4104.23
      vertex 1300 2456.41 4090.25
      vertex 1300 2436.45 4104.23
    endloop
  endfacet
  facet normal -0 -0.573683 -0.819078
    outer loop
      vertex 1300 2456.41 4090.25
      vertex 1200 2436.45 4104.23
      vertex 1200 2456.41 4090.25
    endloop
  endfacet
  facet normal 0 -0.573576 -0.819152
    outer loop
      vertex 1200 2525 4042.22
      vertex 1300 4850 2414.24
      vertex 1300 2525 4042.22
    endloop
  endfacet
  facet normal -0 -0.573576 -0.819152
    outer loop
      vertex 1300 4850 2414.24
      vertex 1200 2525 4042.22
      vertex 1200 4850 2414.24
    endloop
  endfacet
  facet normal -0 0.573665 0.81909
    outer loop
      vertex 1200 4963.55 2395.77
      vertex 1300 4950 2405.26
      vertex 1300 4963.55 2395.77
    endloop
  endfacet
  facet normal 0 0.573665 0.81909
    outer loop
      vertex 1300 4950 2405.26
      vertex 1200 4963.55 2395.77
      vertex 1200 4950 2405.26
    endloop
  endfacet
  facet normal -0 0.573577 0.819152
    outer loop
      vertex 1200 4921.81 2425
      vertex 1300 2543.59 4090.25
      vertex 1300 4921.81 2425
    endloop
  endfacet
  facet normal 0 0.573577 0.819152
    outer loop
      vertex 1300 2543.59 4090.25
      vertex 1200 4921.81 2425
      vertex 1200 2543.59 4090.25
    endloop
  endfacet
  facet normal 0 0 -1
    outer loop
      vertex 1200 2475 4000
      vertex 1300 2525 4000
      vertex 1300 2475 4000
    endloop
  endfacet
  facet normal -0 0 -1
    outer loop
      vertex 1300 2525 4000
      vertex 1200 2475 4000
      vertex 1200 2525 4000
    endloop
  endfacet
  facet normal -0 0 1
    outer loop
      vertex 1200 2525 6500
      vertex 1300 2475 6500
      vertex 1300 2525 6500
    endloop
  endfacet
  facet normal 0 0 1
    outer loop
      vertex 1300 2475 6500
      vertex 1200 2525 6500
      vertex 1200 2475 6500
    endloop
  endfacet
  facet normal 0 -1 0
    outer loop
      vertex 1200 2475 4000
      vertex 1300 2475 4042.22
      vertex 1200 2475 4042.22
    endloop
  endfacet
  facet normal 0 -1 -0
    outer loop
      vertex 1300 2475 4042.22
      vertex 1200 2475 4000
      vertex 1300 2475 4000
    endloop
  endfacet
  facet normal 0 -1 0
    outer loop
      vertex 1200 2475 4175
      vertex 1300 2475 6500
      vertex 1200 2475 6500
    endloop
  endfacet
  facet normal 0 -1 -0
    outer loop
      vertex 1300 2475 6500
      vertex 1200 2475 4175
      vertex 1300 2475 4175
    endloop
  endfacet
  facet normal 0 1 -0
    outer loop
      vertex 1300 2525 4000
      vertex 1200 2525 4042.22
      vertex 1300 2525 4042.22
    endloop
  endfacet
  facet normal 0 1 0
    outer loop
      vertex 1200 2525 4042.22
      vertex 1300 2525 4000
      vertex 1200 2525 4000
    endloop
  endfacet
  facet normal 0 1 -0
    outer loop
      vertex 1300 2525 4175
      vertex 1200 2525 6500
      vertex 1300 2525 6500
    endloop
  endfacet
  facet normal 0 1 0
    outer loop
      vertex 1200 2525 6500
      vertex 1300 2525 4175
      vertex 1200 2525 4175
    endloop
  endfacet
  facet normal 0 -0.5 -0.866025
    outer loop
      vertex 2350 -9.15063 2419.09
      vertex 2450 34.1506 2394.09
      vertex 2450 -9.15063 2419.09
    endloop
  endfacet
  facet normal -0 -0.5 -0.866025
    outer loop
      vertex 2450 34.1506 2394.09
      vertex 2350 -9.15063 2419.09
      vertex 2350 34.1506 2394.09
    endloop
  endfacet
  facet normal -0 0.499876 0.866097
    outer loop
      vertex 2350 2500 6686.2
      vertex 2450 2465.85 6705.91
      vertex 2450 2500 6686.2
    endloop
  endfacet
  facet normal 0 0.499876 0.866097
    outer loop
      vertex 2450 2465.85 6705.91
      vertex 2350 2500 6686.2
      vertex 2350 2465.85 6705.91
    endloop
  endfacet
  facet normal -1 0 0
    outer loop
      vertex 2350 -9.15063 2419.09
      vertex 2350 50 2421.54
      vertex 2350 34.1506 2394.09
    endloop
  endfacet
  facet normal -1 0 0
    outer loop
      vertex 2350 4950 2421.54
      vertex 2350 5009.15 2419.09
      vertex 2350 4965.85 2394.09
    endloop
  endfacet
  facet normal -1 0 0
    outer loop
      vertex 2350 4950 2425
      vertex 2350 5009.15 2419.09
      vertex 2350 4950 2421.54
    endloop
  endfacet
  facet normal -1 0 0
    outer loop
      vertex 2350 4950 2425
      vertex 2350 2534.15 6705.91
      vertex 2350 5009.15 2419.09
    endloop
  endfacet
  facet normal -1 0 0
    outer loop
      vertex 2350 4948 2425
      vertex 2350 2534.15 6705.91
      vertex 2350 4950 2425
    endloop
  endfacet
  facet normal -1 0 0
    outer loop
      vertex 2350 2500 6665.06
      vertex 2350 2534.15 6705.91
      vertex 2350 4948 2425
    endloop
  endfacet
  facet normal -1 0 0
    outer loop
      vertex 2350 2500 6665.06
      vertex 2350 2500 6686.2
      vertex 2350 2534.15 6705.91
    endloop
  endfacet
  facet normal -1 0 0
    outer loop
      vertex 2350 2500 6665.06
      vertex 2350 2465.85 6705.91
      vertex 2350 2500 6686.2
    endloop
  endfacet
  facet normal -1 0 0
    outer loop
      vertex 2350 51.9982 2425
      vertex 2350 2465.85 6705.91
      vertex 2350 2500 6665.06
    endloop
  endfacet
  facet normal -1 0 0
    outer loop
      vertex 2350 50 2425
      vertex 2350 2465.85 6705.91
      vertex 2350 51.9982 2425
    endloop
  endfacet
  facet normal -1 -0 0
    outer loop
      vertex 2350 50 2425
      vertex 2350 -9.15063 2419.09
      vertex 2350 2465.85 6705.91
    endloop
  endfacet
  facet normal -1 -0 0
    outer loop
      vertex 2350 50 2421.54
      vertex 2350 -9.15063 2419.09
      vertex 2350 50 2425
    endloop
  endfacet
  facet normal 1 -0 0
    outer loop
      vertex 2450 4950 2421.54
      vertex 2450 5009.15 2419.09
      vertex 2450 4950 2425
    endloop
  endfacet
  facet normal 1 0 0
    outer loop
      vertex 2450 2534.15 6705.91
      vertex 2450 4950 2425
      vertex 2450 5009.15 2419.09
    endloop
  endfacet
  facet normal 1 0 0
    outer loop
      vertex 2450 2534.15 6705.91
      vertex 2450 4948 2425
      vertex 2450 4950 2425
    endloop
  endfacet
  facet normal 1 0 0
    outer loop
      vertex 2450 2500 6665.06
      vertex 2450 2534.15 6705.91
      vertex 2450 2500 6686.2
    endloop
  endfacet
  facet normal 1 0 0
    outer loop
      vertex 2450 2534.15 6705.91
      vertex 2450 2500 6665.06
      vertex 2450 4948 2425
    endloop
  endfacet
  facet normal 1 0 0
    outer loop
      vertex 2450 2465.85 6705.91
      vertex 2450 2500 6665.06
      vertex 2450 2500 6686.2
    endloop
  endfacet
  facet normal 1 0 0
    outer loop
      vertex 2450 2465.85 6705.91
      vertex 2450 51.9982 2425
      vertex 2450 2500 6665.06
    endloop
  endfacet
  facet normal 1 0 0
    outer loop
      vertex 2450 2465.85 6705.91
      vertex 2450 50 2425
      vertex 2450 51.9982 2425
    endloop
  endfacet
  facet normal 1 0 0
    outer loop
      vertex 2450 -9.15063 2419.09
      vertex 2450 50 2421.54
      vertex 2450 50 2425
    endloop
  endfacet
  facet normal 1 0 0
    outer loop
      vertex 2450 50 2421.54
      vertex 2450 -9.15063 2419.09
      vertex 2450 34.1506 2394.09
    endloop
  endfacet
  facet normal 1 0 0
    outer loop
      vertex 2450 -9.15063 2419.09
      vertex 2450 50 2425
      vertex 2450 2465.85 6705.91
    endloop
  endfacet
  facet normal 1 0 0
    outer loop
      vertex 2450 5009.15 2419.09
      vertex 2450 4950 2421.54
      vertex 2450 4965.85 2394.09
    endloop
  endfacet
  facet normal 0 -0.866025 0.500001
    outer loop
      vertex 2350 -9.15063 2419.09
      vertex 2450 2465.85 6705.91
      vertex 2350 2465.85 6705.91
    endloop
  endfacet
  facet normal 0 -0.866025 0.500001
    outer loop
      vertex 2450 2465.85 6705.91
      vertex 2350 -9.15063 2419.09
      vertex 2450 -9.15063 2419.09
    endloop
  endfacet
  facet normal 0 0.86601 -0.500027
    outer loop
      vertex 2450 34.1506 2394.09
      vertex 2350 50 2421.54
      vertex 2450 50 2421.54
    endloop
  endfacet
  facet normal 0 0.86601 -0.500027
    outer loop
      vertex 2350 50 2421.54
      vertex 2450 34.1506 2394.09
      vertex 2350 34.1506 2394.09
    endloop
  endfacet
  facet normal 0 0.866025 -0.5
    outer loop
      vertex 2450 51.9982 2425
      vertex 2350 2500 6665.06
      vertex 2450 2500 6665.06
    endloop
  endfacet
  facet normal 0 0.866025 -0.5
    outer loop
      vertex 2350 2500 6665.06
      vertex 2450 51.9982 2425
      vertex 2350 51.9982 2425
    endloop
  endfacet
  facet normal 0 0.500011 -0.866019
    outer loop
      vertex 2350 4965.85 2394.09
      vertex 2450 5009.15 2419.09
      vertex 2450 4965.85 2394.09
    endloop
  endfacet
  facet normal 0 0.500011 -0.866019
    outer loop
      vertex 2450 5009.15 2419.09
      vertex 2350 4965.85 2394.09
      vertex 2350 5009.15 2419.09
    endloop
  endfacet
  facet normal 0 -0.499876 0.866097
    outer loop
      vertex 2350 2534.15 6705.91
      vertex 2450 2500 6686.2
      vertex 2450 2534.15 6705.91
    endloop
  endfacet
  facet normal 0 -0.499876 0.866097
    outer loop
      vertex 2450 2500 6686.2
      vertex 2350 2534.15 6705.91
      vertex 2350 2500 6686.2
    endloop
  endfacet
  facet normal 0 -0.866002 -0.500041
    outer loop
      vertex 2350 4965.85 2394.09
      vertex 2450 4950 2421.54
      vertex 2350 4950 2421.54
    endloop
  endfacet
  facet normal 0 -0.866002 -0.500041
    outer loop
      vertex 2450 4950 2421.54
      vertex 2350 4965.85 2394.09
      vertex 2450 4965.85 2394.09
    endloop
  endfacet
  facet normal 0 -0.866025 -0.5
    outer loop
      vertex 2350 4948 2425
      vertex 2450 2500 6665.06
      vertex 2350 2500 6665.06
    endloop
  endfacet
  facet normal 0 -0.866025 -0.5
    outer loop
      vertex 2450 2500 6665.06
      vertex 2350 4948 2425
      vertex 2450 4948 2425
    endloop
  endfacet
  facet normal 0 0.866025 0.500001
    outer loop
      vertex 2450 5009.15 2419.09
      vertex 2350 2534.15 6705.91
      vertex 2450 2534.15 6705.91
    endloop
  endfacet
  facet normal 0 0.866025 0.500001
    outer loop
      vertex 2350 2534.15 6705.91
      vertex 2450 5009.15 2419.09
      vertex 2350 5009.15 2419.09
    endloop
  endfacet
  facet normal 0 -0.819114 -0.573631
    outer loop
      vertex 2350 65.1325 2354.82
      vertex 2450 51.0003 2375
      vertex 2350 51.0003 2375
    endloop
  endfacet
  facet normal 0 -0.819114 -0.573631
    outer loop
      vertex 2450 51.0003 2375
      vertex 2350 65.1325 2354.82
      vertex 2450 65.1325 2354.82
    endloop
  endfacet
  facet normal 0 -0.819067 -0.573698
    outer loop
      vertex 2350 50 2376.43
      vertex 2450 36.4537 2395.77
      vertex 2350 36.4537 2395.77
    endloop
  endfacet
  facet normal 0 -0.819067 -0.573698
    outer loop
      vertex 2450 36.4537 2395.77
      vertex 2350 50 2376.43
      vertex 2450 50 2376.43
    endloop
  endfacet
  facet normal 0 0.819028 0.573753
    outer loop
      vertex 2450 2563.55 4104.23
      vertex 2350 2549 4125
      vertex 2450 2549 4125
    endloop
  endfacet
  facet normal 0 0.819028 0.573753
    outer loop
      vertex 2350 2549 4125
      vertex 2450 2563.55 4104.23
      vertex 2350 2563.55 4104.23
    endloop
  endfacet
  facet normal -1 -0 0
    outer loop
      vertex 2350 4963.55 2395.77
      vertex 2350 4950 2376.43
      vertex 2350 4950 2405.26
    endloop
  endfacet
  facet normal -1 0 0
    outer loop
      vertex 2350 4934.87 2354.82
      vertex 2350 4906.04 2375
      vertex 2350 4949 2375
    endloop
  endfacet
  facet normal -1 0 0
    outer loop
      vertex 2350 2525 4000
      vertex 2350 2475 4000
      vertex 2350 2525 4042.22
    endloop
  endfacet
  facet normal -1 0 0
    outer loop
      vertex 2350 2525 4042.22
      vertex 2350 4850 2425
      vertex 2350 4850 2414.24
    endloop
  endfacet
  facet normal -1 0 0
    outer loop
      vertex 2350 4850 2425
      vertex 2350 2525 4042.22
      vertex 2350 2543.59 4090.25
    endloop
  endfacet
  facet normal -1 0 0
    outer loop
      vertex 2350 4921.81 2425
      vertex 2350 4850 2425
      vertex 2350 2543.59 4090.25
    endloop
  endfacet
  facet normal -1 0 0
    outer loop
      vertex 2350 2543.59 4090.25
      vertex 2350 2549 4125
      vertex 2350 2563.55 4104.23
    endloop
  endfacet
  facet normal -1 0 0
    outer loop
      vertex 2350 2456.41 4090.25
      vertex 2350 2543.59 4090.25
      vertex 2350 2525 4042.22
    endloop
  endfacet
  facet normal -1 0 0
    outer loop
      vertex 2350 2475 4042.22
      vertex 2350 2525 4042.22
      vertex 2350 2475 4000
    endloop
  endfacet
  facet normal -1 0 0
    outer loop
      vertex 2350 2456.41 4090.25
      vertex 2350 2525 4042.22
      vertex 2350 2475 4042.22
    endloop
  endfacet
  facet normal -1 0 0
    outer loop
      vertex 2350 2543.59 4090.25
      vertex 2350 2456.41 4090.25
      vertex 2350 2549 4125
    endloop
  endfacet
  facet normal -1 0 0
    outer loop
      vertex 2350 2456.41 4090.25
      vertex 2350 2451 4125
      vertex 2350 2549 4125
    endloop
  endfacet
  facet normal -1 0 -0
    outer loop
      vertex 2350 2451 4125
      vertex 2350 2456.41 4090.25
      vertex 2350 2436.45 4104.23
    endloop
  endfacet
  facet normal -1 0 0
    outer loop
      vertex 2350 150 2425
      vertex 2350 2475 4042.22
      vertex 2350 150 2414.24
    endloop
  endfacet
  facet normal -1 -0 0
    outer loop
      vertex 2350 2475 4042.22
      vertex 2350 150 2425
      vertex 2350 2456.41 4090.25
    endloop
  endfacet
  facet normal -1 0 0
    outer loop
      vertex 2350 2456.41 4090.25
      vertex 2350 150 2425
      vertex 2350 78.1917 2425
    endloop
  endfacet
  facet normal -1 0 0
    outer loop
      vertex 2350 65.1325 2354.82
      vertex 2350 51.0003 2375
      vertex 2350 93.9567 2375
    endloop
  endfacet
  facet normal -1 0 0
    outer loop
      vertex 2350 50 2376.43
      vertex 2350 36.4537 2395.77
      vertex 2350 50 2405.26
    endloop
  endfacet
  facet normal -1 0 0
    outer loop
      vertex 2350 2475 4175
      vertex 2350 2525 6500
      vertex 2350 2525 4175
    endloop
  endfacet
  facet normal -1 -0 0
    outer loop
      vertex 2350 2525 6500
      vertex 2350 2475 4175
      vertex 2350 2475 6500
    endloop
  endfacet
  facet normal 1 0 0
    outer loop
      vertex 2450 2456.41 4090.25
      vertex 2450 78.1917 2425
      vertex 2450 150 2425
    endloop
  endfacet
  facet normal 1 0 0
    outer loop
      vertex 2450 2549 4125
      vertex 2450 2543.59 4090.25
      vertex 2450 2563.55 4104.23
    endloop
  endfacet
  facet normal 1 0 0
    outer loop
      vertex 2450 2456.41 4090.25
      vertex 2450 2543.59 4090.25
      vertex 2450 2549 4125
    endloop
  endfacet
  facet normal 1 0 0
    outer loop
      vertex 2450 2525 4042.22
      vertex 2450 2475 4042.22
      vertex 2450 2525 4000
    endloop
  endfacet
  facet normal 1 0 0
    outer loop
      vertex 2450 2543.59 4090.25
      vertex 2450 2456.41 4090.25
      vertex 2450 2525 4042.22
    endloop
  endfacet
  facet normal 1 0 0
    outer loop
      vertex 2450 2525 4042.22
      vertex 2450 2456.41 4090.25
      vertex 2450 2475 4042.22
    endloop
  endfacet
  facet normal 1 -0 0
    outer loop
      vertex 2450 2451 4125
      vertex 2450 2456.41 4090.25
      vertex 2450 2549 4125
    endloop
  endfacet
  facet normal 1 0 0
    outer loop
      vertex 2450 2456.41 4090.25
      vertex 2450 2451 4125
      vertex 2450 2436.45 4104.23
    endloop
  endfacet
  facet normal 1 0 0
    outer loop
      vertex 2450 2543.59 4090.25
      vertex 2450 4850 2425
      vertex 2450 4921.81 2425
    endloop
  endfacet
  facet normal 1 -0 0
    outer loop
      vertex 2450 2525 4042.22
      vertex 2450 4850 2425
      vertex 2450 2543.59 4090.25
    endloop
  endfacet
  facet normal 1 0 0
    outer loop
      vertex 2450 4850 2425
      vertex 2450 2525 4042.22
      vertex 2450 4850 2414.24
    endloop
  endfacet
  facet normal 1 0 0
    outer loop
      vertex 2450 2525 4000
      vertex 2450 2475 4042.22
      vertex 2450 2475 4000
    endloop
  endfacet
  facet normal 1 0 0
    outer loop
      vertex 2450 150 2425
      vertex 2450 2475 4042.22
      vertex 2450 2456.41 4090.25
    endloop
  endfacet
  facet normal 1 0 0
    outer loop
      vertex 2450 2475 4042.22
      vertex 2450 150 2425
      vertex 2450 150 2414.24
    endloop
  endfacet
  facet normal 1 0 0
    outer loop
      vertex 2450 4949 2375
      vertex 2450 4906.04 2375
      vertex 2450 4934.87 2354.82
    endloop
  endfacet
  facet normal 1 0 0
    outer loop
      vertex 2450 4950 2405.26
      vertex 2450 4950 2376.43
      vertex 2450 4963.55 2395.77
    endloop
  endfacet
  facet normal 1 0 0
    outer loop
      vertex 2450 50 2405.26
      vertex 2450 36.4537 2395.77
      vertex 2450 50 2376.43
    endloop
  endfacet
  facet normal 1 0 0
    outer loop
      vertex 2450 93.9567 2375
      vertex 2450 51.0003 2375
      vertex 2450 65.1325 2354.82
    endloop
  endfacet
  facet normal 1 -0 0
    outer loop
      vertex 2450 2475 6500
      vertex 2450 2525 4175
      vertex 2450 2525 6500
    endloop
  endfacet
  facet normal 1 0 0
    outer loop
      vertex 2450 2525 4175
      vertex 2450 2475 6500
      vertex 2450 2475 4175
    endloop
  endfacet
  facet normal 0 -0.57377 0.819016
    outer loop
      vertex 2350 50 2405.26
      vertex 2450 36.4537 2395.77
      vertex 2450 50 2405.26
    endloop
  endfacet
  facet normal 0 -0.57377 0.819016
    outer loop
      vertex 2450 36.4537 2395.77
      vertex 2350 50 2405.26
      vertex 2350 36.4537 2395.77
    endloop
  endfacet
  facet normal 0 -0.573577 0.819151
    outer loop
      vertex 2350 2456.41 4090.25
      vertex 2450 78.1917 2425
      vertex 2450 2456.41 4090.25
    endloop
  endfacet
  facet normal 0 -0.573577 0.819151
    outer loop
      vertex 2450 78.1917 2425
      vertex 2350 2456.41 4090.25
      vertex 2350 78.1917 2425
    endloop
  endfacet
  facet normal 0 0.573521 -0.819191
    outer loop
      vertex 2350 65.1325 2354.82
      vertex 2450 93.9567 2375
      vertex 2450 65.1325 2354.82
    endloop
  endfacet
  facet normal 0 0.573521 -0.819191
    outer loop
      vertex 2450 93.9567 2375
      vertex 2350 65.1325 2354.82
      vertex 2350 93.9567 2375
    endloop
  endfacet
  facet normal 0 0.573683 -0.819078
    outer loop
      vertex 2350 2543.59 4090.25
      vertex 2450 2563.55 4104.23
      vertex 2450 2543.59 4090.25
    endloop
  endfacet
  facet normal 0 0.573683 -0.819078
    outer loop
      vertex 2450 2563.55 4104.23
      vertex 2350 2543.59 4090.25
      vertex 2350 2563.55 4104.23
    endloop
  endfacet
  facet normal 0 0.573576 -0.819152
    outer loop
      vertex 2350 150 2414.24
      vertex 2450 2475 4042.22
      vertex 2450 150 2414.24
    endloop
  endfacet
  facet normal 0 0.573576 -0.819152
    outer loop
      vertex 2450 2475 4042.22
      vertex 2350 150 2414.24
      vertex 2350 2475 4042.22
    endloop
  endfacet
  facet normal 0 0.818993 -0.573803
    outer loop
      vertex 2450 4950 2376.43
      vertex 2350 4963.55 2395.77
      vertex 2450 4963.55 2395.77
    endloop
  endfacet
  facet normal 0 0.818993 -0.573803
    outer loop
      vertex 2350 4963.55 2395.77
      vertex 2450 4950 2376.43
      vertex 2350 4950 2376.43
    endloop
  endfacet
  facet normal 0 0.819156 -0.573571
    outer loop
      vertex 2450 4934.87 2354.82
      vertex 2350 4949 2375
      vertex 2450 4949 2375
    endloop
  endfacet
  facet normal 0 0.819156 -0.573571
    outer loop
      vertex 2350 4949 2375
      vertex 2450 4934.87 2354.82
      vertex 2350 4934.87 2354.82
    endloop
  endfacet
  facet normal 0 -0.819028 0.573753
    outer loop
      vertex 2350 2436.45 4104.23
      vertex 2450 2451 4125
      vertex 2350 2451 4125
    endloop
  endfacet
  facet normal 0 -0.819028 0.573753
    outer loop
      vertex 2450 2451 4125
      vertex 2350 2436.45 4104.23
      vertex 2450 2436.45 4104.23
    endloop
  endfacet
  facet normal 0 -0.573443 -0.819245
    outer loop
      vertex 2350 4906.04 2375
      vertex 2450 4934.87 2354.82
      vertex 2450 4906.04 2375
    endloop
  endfacet
  facet normal -0 -0.573443 -0.819245
    outer loop
      vertex 2450 4934.87 2354.82
      vertex 2350 4906.04 2375
      vertex 2350 4934.87 2354.82
    endloop
  endfacet
  facet normal 0 -0.573683 -0.819078
    outer loop
      vertex 2350 2436.45 4104.23
      vertex 2450 2456.41 4090.25
      vertex 2450 2436.45 4104.23
    endloop
  endfacet
  facet normal -0 -0.573683 -0.819078
    outer loop
      vertex 2450 2456.41 4090.25
      vertex 2350 2436.45 4104.23
      vertex 2350 2456.41 4090.25
    endloop
  endfacet
  facet normal 0 -0.573576 -0.819152
    outer loop
      vertex 2350 2525 4042.22
      vertex 2450 4850 2414.24
      vertex 2450 2525 4042.22
    endloop
  endfacet
  facet normal -0 -0.573576 -0.819152
    outer loop
      vertex 2450 4850 2414.24
      vertex 2350 2525 4042.22
      vertex 2350 4850 2414.24
    endloop
  endfacet
  facet normal -0 0.573665 0.81909
    outer loop
      vertex 2350 4963.55 2395.77
      vertex 2450 4950 2405.26
      vertex 2450 4963.55 2395.77
    endloop
  endfacet
  facet normal 0 0.573665 0.81909
    outer loop
      vertex 2450 4950 2405.26
      vertex 2350 4963.55 2395.77
      vertex 2350 4950 2405.26
    endloop
  endfacet
  facet normal -0 0.573577 0.819152
    outer loop
      vertex 2350 4921.81 2425
      vertex 2450 2543.59 4090.25
      vertex 2450 4921.81 2425
    endloop
  endfacet
  facet normal 0 0.573577 0.819152
    outer loop
      vertex 2450 2543.59 4090.25
      vertex 2350 4921.81 2425
      vertex 2350 2543.59 4090.25
    endloop
  endfacet
  facet normal 0 0 -1
    outer loop
      vertex 2350 2475 4000
      vertex 2450 2525 4000
      vertex 2450 2475 4000
    endloop
  endfacet
  facet normal -0 0 -1
    outer loop
      vertex 2450 2525 4000
      vertex 2350 2475 4000
      vertex 2350 2525 4000
    endloop
  endfacet
  facet normal -0 0 1
    outer loop
      vertex 2350 2525 6500
      vertex 2450 2475 6500
      vertex 2450 2525 6500
    endloop
  endfacet
  facet normal 0 0 1
    outer loop
      vertex 2450 2475 6500
      vertex 2350 2525 6500
      vertex 2350 2475 6500
    endloop
  endfacet
  facet normal 0 -1 0
    outer loop
      vertex 2350 2475 4000
      vertex 2450 2475 4042.22
      vertex 2350 2475 4042.22
    endloop
  endfacet
  facet normal 0 -1 -0
    outer loop
      vertex 2450 2475 4042.22
      vertex 2350 2475 4000
      vertex 2450 2475 4000
    endloop
  endfacet
  facet normal 0 -1 0
    outer loop
      vertex 2350 2475 4175
      vertex 2450 2475 6500
      vertex 2350 2475 6500
    endloop
  endfacet
  facet normal 0 -1 -0
    outer loop
      vertex 2450 2475 6500
      vertex 2350 2475 4175
      vertex 2450 2475 4175
    endloop
  endfacet
  facet normal 0 1 -0
    outer loop
      vertex 2450 2525 4000
      vertex 2350 2525 4042.22
      vertex 2450 2525 4042.22
    endloop
  endfacet
  facet normal 0 1 0
    outer loop
      vertex 2350 2525 4042.22
      vertex 2450 2525 4000
      vertex 2350 2525 4000
    endloop
  endfacet
  facet normal 0 1 -0
    outer loop
      vertex 2450 2525 4175
      vertex 2350 2525 6500
      vertex 2450 2525 6500
    endloop
  endfacet
  facet normal 0 1 0
    outer loop
      vertex 2350 2525 6500
      vertex 2450 2525 4175
      vertex 2350 2525 4175
    endloop
  endfacet
  facet normal 0 -0.5 -0.866025
    outer loop
      vertex 3550 -9.15063 2419.09
      vertex 3650 34.1506 2394.09
      vertex 3650 -9.15063 2419.09
    endloop
  endfacet
  facet normal -0 -0.5 -0.866025
    outer loop
      vertex 3650 34.1506 2394.09
      vertex 3550 -9.15063 2419.09
      vertex 3550 34.1506 2394.09
    endloop
  endfacet
  facet normal -0 0.499876 0.866097
    outer loop
      vertex 3550 2500 6686.2
      vertex 3650 2465.85 6705.91
      vertex 3650 2500 6686.2
    endloop
  endfacet
  facet normal 0 0.499876 0.866097
    outer loop
      vertex 3650 2465.85 6705.91
      vertex 3550 2500 6686.2
      vertex 3550 2465.85 6705.91
    endloop
  endfacet
  facet normal -1 0 0
    outer loop
      vertex 3550 -9.15063 2419.09
      vertex 3550 50 2421.54
      vertex 3550 34.1506 2394.09
    endloop
  endfacet
  facet normal -1 0 0
    outer loop
      vertex 3550 4950 2421.54
      vertex 3550 5009.15 2419.09
      vertex 3550 4965.85 2394.09
    endloop
  endfacet
  facet normal -1 0 0
    outer loop
      vertex 3550 4950 2425
      vertex 3550 5009.15 2419.09
      vertex 3550 4950 2421.54
    endloop
  endfacet
  facet normal -1 0 0
    outer loop
      vertex 3550 4950 2425
      vertex 3550 2534.15 6705.91
      vertex 3550 5009.15 2419.09
    endloop
  endfacet
  facet normal -1 0 0
    outer loop
      vertex 3550 4948 2425
      vertex 3550 2534.15 6705.91
      vertex 3550 4950 2425
    endloop
  endfacet
  facet normal -1 0 0
    outer loop
      vertex 3550 2500 6665.06
      vertex 3550 2534.15 6705.91
      vertex 3550 4948 2425
    endloop
  endfacet
  facet normal -1 0 0
    outer loop
      vertex 3550 2500 6665.06
      vertex 3550 2500 6686.2
      vertex 3550 2534.15 6705.91
    endloop
  endfacet
  facet normal -1 0 0
    outer loop
      vertex 3550 2500 6665.06
      vertex 3550 2465.85 6705.91
      vertex 3550 2500 6686.2
    endloop
  endfacet
  facet normal -1 0 0
    outer loop
      vertex 3550 51.9982 2425
      vertex 3550 2465.85 6705.91
      vertex 3550 2500 6665.06
    endloop
  endfacet
  facet normal -1 0 0
    outer loop
      vertex 3550 50 2425
      vertex 3550 2465.85 6705.91
      vertex 3550 51.9982 2425
    endloop
  endfacet
  facet normal -1 -0 0
    outer loop
      vertex 3550 50 2425
      vertex 3550 -9.15063 2419.09
      vertex 3550 2465.85 6705.91
    endloop
  endfacet
  facet normal -1 -0 0
    outer loop
      vertex 3550 50 2421.54
      vertex 3550 -9.15063 2419.09
      vertex 3550 50 2425
    endloop
  endfacet
  facet normal 1 -0 0
    outer loop
      vertex 3650 4950 2421.54
      vertex 3650 5009.15 2419.09
      vertex 3650 4950 2425
    endloop
  endfacet
  facet normal 1 0 0
    outer loop
      vertex 3650 2534.15 6705.91
      vertex 3650 4950 2425
      vertex 3650 5009.15 2419.09
    endloop
  endfacet
  facet normal 1 0 0
    outer loop
      vertex 3650 2534.15 6705.91
      vertex 3650 4948 2425
      vertex 3650 4950 2425
    endloop
  endfacet
  facet normal 1 0 0
    outer loop
      vertex 3650 2500 6665.06
      vertex 3650 2534.15 6705.91
      vertex 3650 2500 6686.2
    endloop
  endfacet
  facet normal 1 0 0
    outer loop
      vertex 3650 2534.15 6705.91
      vertex 3650 2500 6665.06
      vertex 3650 4948 2425
    endloop
  endfacet
  facet normal 1 0 0
    outer loop
      vertex 3650 2465.85 6705.91
      vertex 3650 2500 6665.06
      vertex 3650 2500 6686.2
    endloop
  endfacet
  facet normal 1 0 0
    outer loop
      vertex 3650 2465.85 6705.91
      vertex 3650 51.9982 2425
      vertex 3650 2500 6665.06
    endloop
  endfacet
  facet normal 1 0 0
    outer loop
      vertex 3650 2465.85 6705.91
      vertex 3650 50 2425
      vertex 3650 51.9982 2425
    endloop
  endfacet
  facet normal 1 0 0
    outer loop
      vertex 3650 -9.15063 2419.09
      vertex 3650 50 2421.54
      vertex 3650 50 2425
    endloop
  endfacet
  facet normal 1 0 0
    outer loop
      vertex 3650 50 2421.54
      vertex 3650 -9.15063 2419.09
      vertex 3650 34.1506 2394.09
    endloop
  endfacet
  facet normal 1 0 0
    outer loop
      vertex 3650 -9.15063 2419.09
      vertex 3650 50 2425
      vertex 3650 2465.85 6705.91
    endloop
  endfacet
  facet normal 1 0 0
    outer loop
      vertex 3650 5009.15 2419.09
      vertex 3650 4950 2421.54
      vertex 3650 4965.85 2394.09
    endloop
  endfacet
  facet normal 0 -0.866025 0.500001
    outer loop
      vertex 3550 -9.15063 2419.09
      vertex 3650 2465.85 6705.91
      vertex 3550 2465.85 6705.91
    endloop
  endfacet
  facet normal 0 -0.866025 0.500001
    outer loop
      vertex 3650 2465.85 6705.91
      vertex 3550 -9.15063 2419.09
      vertex 3650 -9.15063 2419.09
    endloop
  endfacet
  facet normal 0 0.86601 -0.500027
    outer loop
      vertex 3650 34.1506 2394.09
      vertex 3550 50 2421.54
      vertex 3650 50 2421.54
    endloop
  endfacet
  facet normal 0 0.86601 -0.500027
    outer loop
      vertex 3550 50 2421.54
      vertex 3650 34.1506 2394.09
      vertex 3550 34.1506 2394.09
    endloop
  endfacet
  facet normal 0 0.866025 -0.5
    outer loop
      vertex 3650 51.9982 2425
      vertex 3550 2500 6665.06
      vertex 3650 2500 6665.06
    endloop
  endfacet
  facet normal 0 0.866025 -0.5
    outer loop
      vertex 3550 2500 6665.06
      vertex 3650 51.9982 2425
      vertex 3550 51.9982 2425
    endloop
  endfacet
  facet normal 0 0.500011 -0.866019
    outer loop
      vertex 3550 4965.85 2394.09
      vertex 3650 5009.15 2419.09
      vertex 3650 4965.85 2394.09
    endloop
  endfacet
  facet normal 0 0.500011 -0.866019
    outer loop
      vertex 3650 5009.15 2419.09
      vertex 3550 4965.85 2394.09
      vertex 3550 5009.15 2419.09
    endloop
  endfacet
  facet normal 0 -0.499876 0.866097
    outer loop
      vertex 3550 2534.15 6705.91
      vertex 3650 2500 6686.2
      vertex 3650 2534.15 6705.91
    endloop
  endfacet
  facet normal 0 -0.499876 0.866097
    outer loop
      vertex 3650 2500 6686.2
      vertex 3550 2534.15 6705.91
      vertex 3550 2500 6686.2
    endloop
  endfacet
  facet normal 0 -0.866002 -0.500041
    outer loop
      vertex 3550 4965.85 2394.09
      vertex 3650 4950 2421.54
      vertex 3550 4950 2421.54
    endloop
  endfacet
  facet normal 0 -0.866002 -0.500041
    outer loop
      vertex 3650 4950 2421.54
      vertex 3550 4965.85 2394.09
      vertex 3650 4965.85 2394.09
    endloop
  endfacet
  facet normal 0 -0.866025 -0.5
    outer loop
      vertex 3550 4948 2425
      vertex 3650 2500 6665.06
      vertex 3550 2500 6665.06
    endloop
  endfacet
  facet normal 0 -0.866025 -0.5
    outer loop
      vertex 3650 2500 6665.06
      vertex 3550 4948 2425
      vertex 3650 4948 2425
    endloop
  endfacet
  facet normal 0 0.866025 0.500001
    outer loop
      vertex 3650 5009.15 2419.09
      vertex 3550 2534.15 6705.91
      vertex 3650 2534.15 6705.91
    endloop
  endfacet
  facet normal 0 0.866025 0.500001
    outer loop
      vertex 3550 2534.15 6705.91
      vertex 3650 5009.15 2419.09
      vertex 3550 5009.15 2419.09
    endloop
  endfacet
  facet normal 0 -0.819114 -0.573631
    outer loop
      vertex 3550 65.1325 2354.82
      vertex 3650 51.0003 2375
      vertex 3550 51.0003 2375
    endloop
  endfacet
  facet normal 0 -0.819114 -0.573631
    outer loop
      vertex 3650 51.0003 2375
      vertex 3550 65.1325 2354.82
      vertex 3650 65.1325 2354.82
    endloop
  endfacet
  facet normal 0 -0.819067 -0.573698
    outer loop
      vertex 3550 50 2376.43
      vertex 3650 36.4537 2395.77
      vertex 3550 36.4537 2395.77
    endloop
  endfacet
  facet normal 0 -0.819067 -0.573698
    outer loop
      vertex 3650 36.4537 2395.77
      vertex 3550 50 2376.43
      vertex 3650 50 2376.43
    endloop
  endfacet
  facet normal 0 0.819028 0.573753
    outer loop
      vertex 3650 2563.55 4104.23
      vertex 3550 2549 4125
      vertex 3650 2549 4125
    endloop
  endfacet
  facet normal 0 0.819028 0.573753
    outer loop
      vertex 3550 2549 4125
      vertex 3650 2563.55 4104.23
      vertex 3550 2563.55 4104.23
    endloop
  endfacet
  facet normal -1 -0 0
    outer loop
      vertex 3550 4963.55 2395.77
      vertex 3550 4950 2376.43
      vertex 3550 4950 2405.26
    endloop
  endfacet
  facet normal -1 0 0
    outer loop
      vertex 3550 4934.87 2354.82
      vertex 3550 4906.04 2375
      vertex 3550 4949 2375
    endloop
  endfacet
  facet normal -1 0 0
    outer loop
      vertex 3550 2525 4000
      vertex 3550 2475 4000
      vertex 3550 2525 4042.22
    endloop
  endfacet
  facet normal -1 0 0
    outer loop
      vertex 3550 2525 4042.22
      vertex 3550 4850 2425
      vertex 3550 4850 2414.24
    endloop
  endfacet
  facet normal -1 0 0
    outer loop
      vertex 3550 4850 2425
      vertex 3550 2525 4042.22
      vertex 3550 2543.59 4090.25
    endloop
  endfacet
  facet normal -1 0 0
    outer loop
      vertex 3550 4921.81 2425
      vertex 3550 4850 2425
      vertex 3550 2543.59 4090.25
    endloop
  endfacet
  facet normal -1 0 0
    outer loop
      vertex 3550 2543.59 4090.25
      vertex 3550 2549 4125
      vertex 3550 2563.55 4104.23
    endloop
  endfacet
  facet normal -1 0 0
    outer loop
      vertex 3550 2456.41 4090.25
      vertex 3550 2543.59 4090.25
      vertex 3550 2525 4042.22
    endloop
  endfacet
  facet normal -1 0 0
    outer loop
      vertex 3550 2475 4042.22
      vertex 3550 2525 4042.22
      vertex 3550 2475 4000
    endloop
  endfacet
  facet normal -1 0 0
    outer loop
      vertex 3550 2456.41 4090.25
      vertex 3550 2525 4042.22
      vertex 3550 2475 4042.22
    endloop
  endfacet
  facet normal -1 0 0
    outer loop
      vertex 3550 2543.59 4090.25
      vertex 3550 2456.41 4090.25
      vertex 3550 2549 4125
    endloop
  endfacet
  facet normal -1 0 0
    outer loop
      vertex 3550 2456.41 4090.25
      vertex 3550 2451 4125
      vertex 3550 2549 4125
    endloop
  endfacet
  facet normal -1 0 -0
    outer loop
      vertex 3550 2451 4125
      vertex 3550 2456.41 4090.25
      vertex 3550 2436.45 4104.23
    endloop
  endfacet
  facet normal -1 0 0
    outer loop
      vertex 3550 150 2425
      vertex 3550 2475 4042.22
      vertex 3550 150 2414.24
    endloop
  endfacet
  facet normal -1 -0 0
    outer loop
      vertex 3550 2475 4042.22
      vertex 3550 150 2425
      vertex 3550 2456.41 4090.25
    endloop
  endfacet
  facet normal -1 0 0
    outer loop
      vertex 3550 2456.41 4090.25
      vertex 3550 150 2425
      vertex 3550 78.1917 2425
    endloop
  endfacet
  facet normal -1 0 0
    outer loop
      vertex 3550 65.1325 2354.82
      vertex 3550 51.0003 2375
      vertex 3550 93.9567 2375
    endloop
  endfacet
  facet normal -1 0 0
    outer loop
      vertex 3550 50 2376.43
      vertex 3550 36.4537 2395.77
      vertex 3550 50 2405.26
    endloop
  endfacet
  facet normal -1 0 0
    outer loop
      vertex 3550 2475 4175
      vertex 3550 2525 6500
      vertex 3550 2525 4175
    endloop
  endfacet
  facet normal -1 -0 0
    outer loop
      vertex 3550 2525 6500
      vertex 3550 2475 4175
      vertex 3550 2475 6500
    endloop
  endfacet
  facet normal 1 0 0
    outer loop
      vertex 3650 2456.41 4090.25
      vertex 3650 78.1917 2425
      vertex 3650 150 2425
    endloop
  endfacet
  facet normal 1 0 0
    outer loop
      vertex 3650 2549 4125
      vertex 3650 2543.59 4090.25
      vertex 3650 2563.55 4104.23
    endloop
  endfacet
  facet normal 1 0 0
    outer loop
      vertex 3650 2456.41 4090.25
      vertex 3650 2543.59 4090.25
      vertex 3650 2549 4125
    endloop
  endfacet
  facet normal 1 0 0
    outer loop
      vertex 3650 2525 4042.22
      vertex 3650 2475 4042.22
      vertex 3650 2525 4000
    endloop
  endfacet
  facet normal 1 0 0
    outer loop
      vertex 3650 2543.59 4090.25
      vertex 3650 2456.41 4090.25
      vertex 3650 2525 4042.22
    endloop
  endfacet
  facet normal 1 0 0
    outer loop
      vertex 3650 2525 4042.22
      vertex 3650 2456.41 4090.25
      vertex 3650 2475 4042.22
    endloop
  endfacet
  facet normal 1 -0 0
    outer loop
      vertex 3650 2451 4125
      vertex 3650 2456.41 4090.25
      vertex 3650 2549 4125
    endloop
  endfacet
  facet normal 1 0 0
    outer loop
      vertex 3650 2456.41 4090.25
      vertex 3650 2451 4125
      vertex 3650 2436.45 4104.23
    endloop
  endfacet
  facet normal 1 0 0
    outer loop
      vertex 3650 2543.59 4090.25
      vertex 3650 4850 2425
      vertex 3650 4921.81 2425
    endloop
  endfacet
  facet normal 1 -0 0
    outer loop
      vertex 3650 2525 4042.22
      vertex 3650 4850 2425
      vertex 3650 2543.59 4090.25
    endloop
  endfacet
  facet normal 1 0 0
    outer loop
      vertex 3650 4850 2425
      vertex 3650 2525 4042.22
      vertex 3650 4850 2414.24
    endloop
  endfacet
  facet normal 1 0 0
    outer loop
      vertex 3650 2525 4000
      vertex 3650 2475 4042.22
      vertex 3650 2475 4000
    endloop
  endfacet
  facet normal 1 0 0
    outer loop
      vertex 3650 150 2425
      vertex 3650 2475 4042.22
      vertex 3650 2456.41 4090.25
    endloop
  endfacet
  facet normal 1 0 0
    outer loop
      vertex 3650 2475 4042.22
      vertex 3650 150 2425
      vertex 3650 150 2414.24
    endloop
  endfacet
  facet normal 1 0 0
    outer loop
      vertex 3650 4949 2375
      vertex 3650 4906.04 2375
      vertex 3650 4934.87 2354.82
    endloop
  endfacet
  facet normal 1 0 0
    outer loop
      vertex 3650 4950 2405.26
      vertex 3650 4950 2376.43
      vertex 3650 4963.55 2395.77
    endloop
  endfacet
  facet normal 1 0 0
    outer loop
      vertex 3650 50 2405.26
      vertex 3650 36.4537 2395.77
      vertex 3650 50 2376.43
    endloop
  endfacet
  facet normal 1 0 0
    outer loop
      vertex 3650 93.9567 2375
      vertex 3650 51.0003 2375
      vertex 3650 65.1325 2354.82
    endloop
  endfacet
  facet normal 1 -0 0
    outer loop
      vertex 3650 2475 6500
      vertex 3650 2525 4175
      vertex 3650 2525 6500
    endloop
  endfacet
  facet normal 1 0 0
    outer loop
      vertex 3650 2525 4175
      vertex 3650 2475 6500
      vertex 3650 2475 4175
    endloop
  endfacet
  facet normal 0 -0.57377 0.819016
    outer loop
      vertex 3550 50 2405.26
      vertex 3650 36.4537 2395.77
      vertex 3650 50 2405.26
    endloop
  endfacet
  facet normal 0 -0.57377 0.819016
    outer loop
      vertex 3650 36.4537 2395.77
      vertex 3550 50 2405.26
      vertex 3550 36.4537 2395.77
    endloop
  endfacet
  facet normal 0 -0.573577 0.819151
    outer loop
      vertex 3550 2456.41 4090.25
      vertex 3650 78.1917 2425
      vertex 3650 2456.41 4090.25
    endloop
  endfacet
  facet normal 0 -0.573577 0.819151
    outer loop
      vertex 3650 78.1917 2425
      vertex 3550 2456.41 4090.25
      vertex 3550 78.1917 2425
    endloop
  endfacet
  facet normal 0 0.573521 -0.819191
    outer loop
      vertex 3550 65.1325 2354.82
      vertex 3650 93.9567 2375
      vertex 3650 65.1325 2354.82
    endloop
  endfacet
  facet normal 0 0.573521 -0.819191
    outer loop
      vertex 3650 93.9567 2375
      vertex 3550 65.1325 2354.82
      vertex 3550 93.9567 2375
    endloop
  endfacet
  facet normal 0 0.573683 -0.819078
    outer loop
      vertex 3550 2543.59 4090.25
      vertex 3650 2563.55 4104.23
      vertex 3650 2543.59 4090.25
    endloop
  endfacet
  facet normal 0 0.573683 -0.819078
    outer loop
      vertex 3650 2563.55 4104.23
      vertex 3550 2543.59 4090.25
      vertex 3550 2563.55 4104.23
    endloop
  endfacet
  facet normal 0 0.573576 -0.819152
    outer loop
      vertex 3550 150 2414.24
      vertex 3650 2475 4042.22
      vertex 3650 150 2414.24
    endloop
  endfacet
  facet normal 0 0.573576 -0.819152
    outer loop
      vertex 3650 2475 4042.22
      vertex 3550 150 2414.24
      vertex 3550 2475 4042.22
    endloop
  endfacet
  facet normal 0 0.818993 -0.573803
    outer loop
      vertex 3650 4950 2376.43
      vertex 3550 4963.55 2395.77
      vertex 3650 4963.55 2395.77
    endloop
  endfacet
  facet normal 0 0.818993 -0.573803
    outer loop
      vertex 3550 4963.55 2395.77
      vertex 3650 4950 2376.43
      vertex 3550 4950 2376.43
    endloop
  endfacet
  facet normal 0 0.819156 -0.573571
    outer loop
      vertex 3650 4934.87 2354.82
      vertex 3550 4949 2375
      vertex 3650 4949 2375
    endloop
  endfacet
  facet normal 0 0.819156 -0.573571
    outer loop
      vertex 3550 4949 2375
      vertex 3650 4934.87 2354.82
      vertex 3550 4934.87 2354.82
    endloop
  endfacet
  facet normal 0 -0.819028 0.573753
    outer loop
      vertex 3550 2436.45 4104.23
      vertex 3650 2451 4125
      vertex 3550 2451 4125
    endloop
  endfacet
  facet normal 0 -0.819028 0.573753
    outer loop
      vertex 3650 2451 4125
      vertex 3550 2436.45 4104.23
      vertex 3650 2436.45 4104.23
    endloop
  endfacet
  facet normal 0 -0.573443 -0.819245
    outer loop
      vertex 3550 4906.04 2375
      vertex 3650 4934.87 2354.82
      vertex 3650 4906.04 2375
    endloop
  endfacet
  facet normal -0 -0.573443 -0.819245
    outer loop
      vertex 3650 4934.87 2354.82
      vertex 3550 4906.04 2375
      vertex 3550 4934.87 2354.82
    endloop
  endfacet
  facet normal 0 -0.573683 -0.819078
    outer loop
      vertex 3550 2436.45 4104.23
      vertex 3650 2456.41 4090.25
      vertex 3650 2436.45 4104.23
    endloop
  endfacet
  facet normal -0 -0.573683 -0.819078
    outer loop
      vertex 3650 2456.41 4090.25
      vertex 3550 2436.45 4104.23
      vertex 3550 2456.41 4090.25
    endloop
  endfacet
  facet normal 0 -0.573576 -0.819152
    outer loop
      vertex 3550 2525 4042.22
      vertex 3650 4850 2414.24
      vertex 3650 2525 4042.22
    endloop
  endfacet
  facet normal -0 -0.573576 -0.819152
    outer loop
      vertex 3650 4850 2414.24
      vertex 3550 2525 4042.22
      vertex 3550 4850 2414.24
    endloop
  endfacet
  facet normal -0 0.573665 0.81909
    outer loop
      vertex 3550 4963.55 2395.77
      vertex 3650 4950 2405.26
      vertex 3650 4963.55 2395.77
    endloop
  endfacet
  facet normal 0 0.573665 0.81909
    outer loop
      vertex 3650 4950 2405.26
      vertex 3550 4963.55 2395.77
      vertex 3550 4950 2405.26
    endloop
  endfacet
  facet normal -0 0.573577 0.819152
    outer loop
      vertex 3550 4921.81 2425
      vertex 3650 2543.59 4090.25
      vertex 3650 4921.81 2425
    endloop
  endfacet
  facet normal 0 0.573577 0.819152
    outer loop
      vertex 3650 2543.59 4090.25
      vertex 3550 4921.81 2425
      vertex 3550 2543.59 4090.25
    endloop
  endfacet
  facet normal 0 0 -1
    outer loop
      vertex 3550 2475 4000
      vertex 3650 2525 4000
      vertex 3650 2475 4000
    endloop
  endfacet
  facet normal -0 0 -1
    outer loop
      vertex 3650 2525 4000
      vertex 3550 2475 4000
      vertex 3550 2525 4000
    endloop
  endfacet
  facet normal -0 0 1
    outer loop
      vertex 3550 2525 6500
      vertex 3650 2475 6500
      vertex 3650 2525 6500
    endloop
  endfacet
  facet normal 0 0 1
    outer loop
      vertex 3650 2475 6500
      vertex 3550 2525 6500
      vertex 3550 2475 6500
    endloop
  endfacet
  facet normal 0 -1 0
    outer loop
      vertex 3550 2475 4000
      vertex 3650 2475 4042.22
      vertex 3550 2475 4042.22
    endloop
  endfacet
  facet normal 0 -1 -0
    outer loop
      vertex 3650 2475 4042.22
      vertex 3550 2475 4000
      vertex 3650 2475 4000
    endloop
  endfacet
  facet normal 0 -1 0
    outer loop
      vertex 3550 2475 4175
      vertex 3650 2475 6500
      vertex 3550 2475 6500
    endloop
  endfacet
  facet normal 0 -1 -0
    outer loop
      vertex 3650 2475 6500
      vertex 3550 2475 4175
      vertex 3650 2475 4175
    endloop
  endfacet
  facet normal 0 1 -0
    outer loop
      vertex 3650 2525 4000
      vertex 3550 2525 4042.22
      vertex 3650 2525 4042.22
    endloop
  endfacet
  facet normal 0 1 0
    outer loop
      vertex 3550 2525 4042.22
      vertex 3650 2525 4000
      vertex 3550 2525 4000
    endloop
  endfacet
  facet normal 0 1 -0
    outer loop
      vertex 3650 2525 4175
      vertex 3550 2525 6500
      vertex 3650 2525 6500
    endloop
  endfacet
  facet normal 0 1 0
    outer loop
      vertex 3550 2525 6500
      vertex 3650 2525 4175
      vertex 3550 2525 4175
    endloop
  endfacet
  facet normal 0 -0.5 -0.866025
    outer loop
      vertex 4700 -9.15063 2419.09
      vertex 4800 34.1506 2394.09
      vertex 4800 -9.15063 2419.09
    endloop
  endfacet
  facet normal -0 -0.5 -0.866025
    outer loop
      vertex 4800 34.1506 2394.09
      vertex 4700 -9.15063 2419.09
      vertex 4700 34.1506 2394.09
    endloop
  endfacet
  facet normal -0 0.499876 0.866097
    outer loop
      vertex 4700 2500 6686.2
      vertex 4800 2465.85 6705.91
      vertex 4800 2500 6686.2
    endloop
  endfacet
  facet normal 0 0.499876 0.866097
    outer loop
      vertex 4800 2465.85 6705.91
      vertex 4700 2500 6686.2
      vertex 4700 2465.85 6705.91
    endloop
  endfacet
  facet normal -1 0 0
    outer loop
      vertex 4700 -9.15063 2419.09
      vertex 4700 50 2421.54
      vertex 4700 34.1506 2394.09
    endloop
  endfacet
  facet normal -1 0 0
    outer loop
      vertex 4700 4950 2421.54
      vertex 4700 5009.15 2419.09
      vertex 4700 4965.85 2394.09
    endloop
  endfacet
  facet normal -1 0 0
    outer loop
      vertex 4700 4950 2425
      vertex 4700 5009.15 2419.09
      vertex 4700 4950 2421.54
    endloop
  endfacet
  facet normal -1 0 0
    outer loop
      vertex 4700 4950 2425
      vertex 4700 2534.15 6705.91
      vertex 4700 5009.15 2419.09
    endloop
  endfacet
  facet normal -1 0 0
    outer loop
      vertex 4700 4948 2425
      vertex 4700 2534.15 6705.91
      vertex 4700 4950 2425
    endloop
  endfacet
  facet normal -1 0 0
    outer loop
      vertex 4700 2500 6665.06
      vertex 4700 2534.15 6705.91
      vertex 4700 4948 2425
    endloop
  endfacet
  facet normal -1 0 0
    outer loop
      vertex 4700 2500 6665.06
      vertex 4700 2500 6686.2
      vertex 4700 2534.15 6705.91
    endloop
  endfacet
  facet normal -1 0 0
    outer loop
      vertex 4700 2500 6665.06
      vertex 4700 2465.85 6705.91
      vertex 4700 2500 6686.2
    endloop
  endfacet
  facet normal -1 0 0
    outer loop
      vertex 4700 51.9982 2425
      vertex 4700 2465.85 6705.91
      vertex 4700 2500 6665.06
    endloop
  endfacet
  facet normal -1 0 0
    outer loop
      vertex 4700 50 2425
      vertex 4700 2465.85 6705.91
      vertex 4700 51.9982 2425
    endloop
  endfacet
  facet normal -1 -0 0
    outer loop
      vertex 4700 50 2425
      vertex 4700 -9.15063 2419.09
      vertex 4700 2465.85 6705.91
    endloop
  endfacet
  facet normal -1 -0 0
    outer loop
      vertex 4700 50 2421.54
      vertex 4700 -9.15063 2419.09
      vertex 4700 50 2425
    endloop
  endfacet
  facet normal 1 -0 0
    outer loop
      vertex 4800 4950 2421.54
      vertex 4800 5009.15 2419.09
      vertex 4800 4950 2425
    endloop
  endfacet
  facet normal 1 0 0
    outer loop
      vertex 4800 2534.15 6705.91
      vertex 4800 4950 2425
      vertex 4800 5009.15 2419.09
    endloop
  endfacet
  facet normal 1 0 0
    outer loop
      vertex 4800 2534.15 6705.91
      vertex 4800 4948 2425
      vertex 4800 4950 2425
    endloop
  endfacet
  facet normal 1 0 0
    outer loop
      vertex 4800 2500 6665.06
      vertex 4800 2534.15 6705.91
      vertex 4800 2500 6686.2
    endloop
  endfacet
  facet normal 1 0 0
    outer loop
      vertex 4800 2534.15 6705.91
      vertex 4800 2500 6665.06
      vertex 4800 4948 2425
    endloop
  endfacet
  facet normal 1 0 0
    outer loop
      vertex 4800 2465.85 6705.91
      vertex 4800 2500 6665.06
      vertex 4800 2500 6686.2
    endloop
  endfacet
  facet normal 1 0 0
    outer loop
      vertex 4800 2465.85 6705.91
      vertex 4800 51.9982 2425
      vertex 4800 2500 6665.06
    endloop
  endfacet
  facet normal 1 0 0
    outer loop
      vertex 4800 2465.85 6705.91
      vertex 4800 50 2425
      vertex 4800 51.9982 2425
    endloop
  endfacet
  facet normal 1 0 0
    outer loop
      vertex 4800 -9.15063 2419.09
      vertex 4800 50 2421.54
      vertex 4800 50 2425
    endloop
  endfacet
  facet normal 1 0 0
    outer loop
      vertex 4800 50 2421.54
      vertex 4800 -9.15063 2419.09
      vertex 4800 34.1506 2394.09
    endloop
  endfacet
  facet normal 1 0 0
    outer loop
      vertex 4800 -9.15063 2419.09
      vertex 4800 50 2425
      vertex 4800 2465.85 6705.91
    endloop
  endfacet
  facet normal 1 0 0
    outer loop
      vertex 4800 5009.15 2419.09
      vertex 4800 4950 2421.54
      vertex 4800 4965.85 2394.09
    endloop
  endfacet
  facet normal 0 -0.866025 0.500001
    outer loop
      vertex 4700 -9.15063 2419.09
      vertex 4800 2465.85 6705.91
      vertex 4700 2465.85 6705.91
    endloop
  endfacet
  facet normal 0 -0.866025 0.500001
    outer loop
      vertex 4800 2465.85 6705.91
      vertex 4700 -9.15063 2419.09
      vertex 4800 -9.15063 2419.09
    endloop
  endfacet
  facet normal 0 0.86601 -0.500027
    outer loop
      vertex 4800 34.1506 2394.09
      vertex 4700 50 2421.54
      vertex 4800 50 2421.54
    endloop
  endfacet
  facet normal 0 0.86601 -0.500027
    outer loop
      vertex 4700 50 2421.54
      vertex 4800 34.1506 2394.09
      vertex 4700 34.1506 2394.09
    endloop
  endfacet
  facet normal 0 0.866025 -0.5
    outer loop
      vertex 4800 51.9982 2425
      vertex 4700 2500 6665.06
      vertex 4800 2500 6665.06
    endloop
  endfacet
  facet normal 0 0.866025 -0.5
    outer loop
      vertex 4700 2500 6665.06
      vertex 4800 51.9982 2425
      vertex 4700 51.9982 2425
    endloop
  endfacet
  facet normal 0 0.500011 -0.866019
    outer loop
      vertex 4700 4965.85 2394.09
      vertex 4800 5009.15 2419.09
      vertex 4800 4965.85 2394.09
    endloop
  endfacet
  facet normal 0 0.500011 -0.866019
    outer loop
      vertex 4800 5009.15 2419.09
      vertex 4700 4965.85 2394.09
      vertex 4700 5009.15 2419.09
    endloop
  endfacet
  facet normal 0 -0.499876 0.866097
    outer loop
      vertex 4700 2534.15 6705.91
      vertex 4800 2500 6686.2
      vertex 4800 2534.15 6705.91
    endloop
  endfacet
  facet normal 0 -0.499876 0.866097
    outer loop
      vertex 4800 2500 6686.2
      vertex 4700 2534.15 6705.91
      vertex 4700 2500 6686.2
    endloop
  endfacet
  facet normal 0 -0.866002 -0.500041
    outer loop
      vertex 4700 4965.85 2394.09
      vertex 4800 4950 2421.54
      vertex 4700 4950 2421.54
    endloop
  endfacet
  facet normal 0 -0.866002 -0.500041
    outer loop
      vertex 4800 4950 2421.54
      vertex 4700 4965.85 2394.09
      vertex 4800 4965.85 2394.09
    endloop
  endfacet
  facet normal 0 -0.866025 -0.5
    outer loop
      vertex 4700 4948 2425
      vertex 4800 2500 6665.06
      vertex 4700 2500 6665.06
    endloop
  endfacet
  facet normal 0 -0.866025 -0.5
    outer loop
      vertex 4800 2500 6665.06
      vertex 4700 4948 2425
      vertex 4800 4948 2425
    endloop
  endfacet
  facet normal 0 0.866025 0.500001
    outer loop
      vertex 4800 5009.15 2419.09
      vertex 4700 2534.15 6705.91
      vertex 4800 2534.15 6705.91
    endloop
  endfacet
  facet normal 0 0.866025 0.500001
    outer loop
      vertex 4700 2534.15 6705.91
      vertex 4800 5009.15 2419.09
      vertex 4700 5009.15 2419.09
    endloop
  endfacet
  facet normal 0 -0.819114 -0.573631
    outer loop
      vertex 4700 65.1325 2354.82
      vertex 4800 51.0003 2375
      vertex 4700 51.0003 2375
    endloop
  endfacet
  facet normal 0 -0.819114 -0.573631
    outer loop
      vertex 4800 51.0003 2375
      vertex 4700 65.1325 2354.82
      vertex 4800 65.1325 2354.82
    endloop
  endfacet
  facet normal 0 -0.819067 -0.573698
    outer loop
      vertex 4700 50 2376.43
      vertex 4800 36.4537 2395.77
      vertex 4700 36.4537 2395.77
    endloop
  endfacet
  facet normal 0 -0.819067 -0.573698
    outer loop
      vertex 4800 36.4537 2395.77
      vertex 4700 50 2376.43
      vertex 4800 50 2376.43
    endloop
  endfacet
  facet normal 0 0.819028 0.573753
    outer loop
      vertex 4800 2563.55 4104.23
      vertex 4700 2549 4125
      vertex 4800 2549 4125
    endloop
  endfacet
  facet normal 0 0.819028 0.573753
    outer loop
      vertex 4700 2549 4125
      vertex 4800 2563.55 4104.23
      vertex 4700 2563.55 4104.23
    endloop
  endfacet
  facet normal -1 0 0
    outer loop
      vertex 4700 2525 4000
      vertex 4700 2475 4000
      vertex 4700 2525 4042.22
    endloop
  endfacet
  facet normal -1 0 0
    outer loop
      vertex 4700 2525 4042.22
      vertex 4700 4850 2425
      vertex 4700 4850 2414.24
    endloop
  endfacet
  facet normal -1 0 0
    outer loop
      vertex 4700 4850 2425
      vertex 4700 2525 4042.22
      vertex 4700 2543.59 4090.25
    endloop
  endfacet
  facet normal -1 0 0
    outer loop
      vertex 4700 4921.81 2425
      vertex 4700 4850 2425
      vertex 4700 2543.59 4090.25
    endloop
  endfacet
  facet normal -1 0 0
    outer loop
      vertex 4700 2543.59 4090.25
      vertex 4700 2549 4125
      vertex 4700 2563.55 4104.23
    endloop
  endfacet
  facet normal -1 0 0
    outer loop
      vertex 4700 2456.41 4090.25
      vertex 4700 2543.59 4090.25
      vertex 4700 2525 4042.22
    endloop
  endfacet
  facet normal -1 0 0
    outer loop
      vertex 4700 2475 4042.22
      vertex 4700 2525 4042.22
      vertex 4700 2475 4000
    endloop
  endfacet
  facet normal -1 0 0
    outer loop
      vertex 4700 2456.41 4090.25
      vertex 4700 2525 4042.22
      vertex 4700 2475 4042.22
    endloop
  endfacet
  facet normal -1 0 0
    outer loop
      vertex 4700 2543.59 4090.25
      vertex 4700 2456.41 4090.25
      vertex 4700 2549 4125
    endloop
  endfacet
  facet normal -1 0 0
    outer loop
      vertex 4700 2456.41 4090.25
      vertex 4700 2451 4125
      vertex 4700 2549 4125
    endloop
  endfacet
  facet normal -1 0 -0
    outer loop
      vertex 4700 2451 4125
      vertex 4700 2456.41 4090.25
      vertex 4700 2436.45 4104.23
    endloop
  endfacet
  facet normal -1 0 0
    outer loop
      vertex 4700 150 2425
      vertex 4700 2475 4042.22
      vertex 4700 150 2414.24
    endloop
  endfacet
  facet normal -1 -0 0
    outer loop
      vertex 4700 2475 4042.22
      vertex 4700 150 2425
      vertex 4700 2456.41 4090.25
    endloop
  endfacet
  facet normal -1 0 0
    outer loop
      vertex 4700 2456.41 4090.25
      vertex 4700 150 2425
      vertex 4700 78.1917 2425
    endloop
  endfacet
  facet normal -1 0 0
    outer loop
      vertex 4700 2475 4175
      vertex 4700 2525 6500
      vertex 4700 2525 4175
    endloop
  endfacet
  facet normal -1 -0 0
    outer loop
      vertex 4700 2525 6500
      vertex 4700 2475 4175
      vertex 4700 2475 6500
    endloop
  endfacet
  facet normal -1 -0 0
    outer loop
      vertex 4700 4963.55 2395.77
      vertex 4700 4950 2376.43
      vertex 4700 4950 2405.26
    endloop
  endfacet
  facet normal -1 0 0
    outer loop
      vertex 4700 4934.87 2354.82
      vertex 4700 4906.04 2375
      vertex 4700 4949 2375
    endloop
  endfacet
  facet normal -1 0 0
    outer loop
      vertex 4700 65.1325 2354.82
      vertex 4700 51.0003 2375
      vertex 4700 93.9567 2375
    endloop
  endfacet
  facet normal -1 0 0
    outer loop
      vertex 4700 50 2376.43
      vertex 4700 36.4537 2395.77
      vertex 4700 50 2405.26
    endloop
  endfacet
  facet normal 1 -0 0
    outer loop
      vertex 4800 2475 6500
      vertex 4800 2525 4175
      vertex 4800 2525 6500
    endloop
  endfacet
  facet normal 1 0 0
    outer loop
      vertex 4800 2525 4175
      vertex 4800 2475 6500
      vertex 4800 2475 4175
    endloop
  endfacet
  facet normal 1 0 0
    outer loop
      vertex 4800 2456.41 4090.25
      vertex 4800 78.1917 2425
      vertex 4800 150 2425
    endloop
  endfacet
  facet normal 1 0 0
    outer loop
      vertex 4800 2549 4125
      vertex 4800 2543.59 4090.25
      vertex 4800 2563.55 4104.23
    endloop
  endfacet
  facet normal 1 0 0
    outer loop
      vertex 4800 2456.41 4090.25
      vertex 4800 2543.59 4090.25
      vertex 4800 2549 4125
    endloop
  endfacet
  facet normal 1 0 0
    outer loop
      vertex 4800 2525 4042.22
      vertex 4800 2475 4042.22
      vertex 4800 2525 4000
    endloop
  endfacet
  facet normal 1 0 0
    outer loop
      vertex 4800 2543.59 4090.25
      vertex 4800 2456.41 4090.25
      vertex 4800 2525 4042.22
    endloop
  endfacet
  facet normal 1 0 0
    outer loop
      vertex 4800 2525 4042.22
      vertex 4800 2456.41 4090.25
      vertex 4800 2475 4042.22
    endloop
  endfacet
  facet normal 1 -0 0
    outer loop
      vertex 4800 2451 4125
      vertex 4800 2456.41 4090.25
      vertex 4800 2549 4125
    endloop
  endfacet
  facet normal 1 0 0
    outer loop
      vertex 4800 2456.41 4090.25
      vertex 4800 2451 4125
      vertex 4800 2436.45 4104.23
    endloop
  endfacet
  facet normal 1 0 0
    outer loop
      vertex 4800 2543.59 4090.25
      vertex 4800 4850 2425
      vertex 4800 4921.81 2425
    endloop
  endfacet
  facet normal 1 -0 0
    outer loop
      vertex 4800 2525 4042.22
      vertex 4800 4850 2425
      vertex 4800 2543.59 4090.25
    endloop
  endfacet
  facet normal 1 0 0
    outer loop
      vertex 4800 4850 2425
      vertex 4800 2525 4042.22
      vertex 4800 4850 2414.24
    endloop
  endfacet
  facet normal 1 0 0
    outer loop
      vertex 4800 2525 4000
      vertex 4800 2475 4042.22
      vertex 4800 2475 4000
    endloop
  endfacet
  facet normal 1 0 0
    outer loop
      vertex 4800 150 2425
      vertex 4800 2475 4042.22
      vertex 4800 2456.41 4090.25
    endloop
  endfacet
  facet normal 1 0 0
    outer loop
      vertex 4800 2475 4042.22
      vertex 4800 150 2425
      vertex 4800 150 2414.24
    endloop
  endfacet
  facet normal 1 0 0
    outer loop
      vertex 4800 4949 2375
      vertex 4800 4906.04 2375
      vertex 4800 4934.87 2354.82
    endloop
  endfacet
  facet normal 1 0 0
    outer loop
      vertex 4800 4950 2405.26
      vertex 4800 4950 2376.43
      vertex 4800 4963.55 2395.77
    endloop
  endfacet
  facet normal 1 0 0
    outer loop
      vertex 4800 50 2405.26
      vertex 4800 36.4537 2395.77
      vertex 4800 50 2376.43
    endloop
  endfacet
  facet normal 1 0 0
    outer loop
      vertex 4800 93.9567 2375
      vertex 4800 51.0003 2375
      vertex 4800 65.1325 2354.82
    endloop
  endfacet
  facet normal 0 -0.57377 0.819016
    outer loop
      vertex 4700 50 2405.26
      vertex 4800 36.4537 2395.77
      vertex 4800 50 2405.26
    endloop
  endfacet
  facet normal 0 -0.57377 0.819016
    outer loop
      vertex 4800 36.4537 2395.77
      vertex 4700 50 2405.26
      vertex 4700 36.4537 2395.77
    endloop
  endfacet
  facet normal 0 -0.573577 0.819151
    outer loop
      vertex 4700 2456.41 4090.25
      vertex 4800 78.1917 2425
      vertex 4800 2456.41 4090.25
    endloop
  endfacet
  facet normal 0 -0.573577 0.819151
    outer loop
      vertex 4800 78.1917 2425
      vertex 4700 2456.41 4090.25
      vertex 4700 78.1917 2425
    endloop
  endfacet
  facet normal 0 0.573521 -0.819191
    outer loop
      vertex 4700 65.1325 2354.82
      vertex 4800 93.9567 2375
      vertex 4800 65.1325 2354.82
    endloop
  endfacet
  facet normal 0 0.573521 -0.819191
    outer loop
      vertex 4800 93.9567 2375
      vertex 4700 65.1325 2354.82
      vertex 4700 93.9567 2375
    endloop
  endfacet
  facet normal 0 0.573683 -0.819078
    outer loop
      vertex 4700 2543.59 4090.25
      vertex 4800 2563.55 4104.23
      vertex 4800 2543.59 4090.25
    endloop
  endfacet
  facet normal 0 0.573683 -0.819078
    outer loop
      vertex 4800 2563.55 4104.23
      vertex 4700 2543.59 4090.25
      vertex 4700 2563.55 4104.23
    endloop
  endfacet
  facet normal 0 0.573576 -0.819152
    outer loop
      vertex 4700 150 2414.24
      vertex 4800 2475 4042.22
      vertex 4800 150 2414.24
    endloop
  endfacet
  facet normal 0 0.573576 -0.819152
    outer loop
      vertex 4800 2475 4042.22
      vertex 4700 150 2414.24
      vertex 4700 2475 4042.22
    endloop
  endfacet
  facet normal 0 0.818993 -0.573803
    outer loop
      vertex 4800 4950 2376.43
      vertex 4700 4963.55 2395.77
      vertex 4800 4963.55 2395.77
    endloop
  endfacet
  facet normal 0 0.818993 -0.573803
    outer loop
      vertex 4700 4963.55 2395.77
      vertex 4800 4950 2376.43
      vertex 4700 4950 2376.43
    endloop
  endfacet
  facet normal 0 0.819156 -0.573571
    outer loop
      vertex 4800 4934.87 2354.82
      vertex 4700 4949 2375
      vertex 4800 4949 2375
    endloop
  endfacet
  facet normal 0 0.819156 -0.573571
    outer loop
      vertex 4700 4949 2375
      vertex 4800 4934.87 2354.82
      vertex 4700 4934.87 2354.82
    endloop
  endfacet
  facet normal 0 -0.819028 0.573753
    outer loop
      vertex 4700 2436.45 4104.23
      vertex 4800 2451 4125
      vertex 4700 2451 4125
    endloop
  endfacet
  facet normal 0 -0.819028 0.573753
    outer loop
      vertex 4800 2451 4125
      vertex 4700 2436.45 4104.23
      vertex 4800 2436.45 4104.23
    endloop
  endfacet
  facet normal 0 -0.573443 -0.819245
    outer loop
      vertex 4700 4906.04 2375
      vertex 4800 4934.87 2354.82
      vertex 4800 4906.04 2375
    endloop
  endfacet
  facet normal -0 -0.573443 -0.819245
    outer loop
      vertex 4800 4934.87 2354.82
      vertex 4700 4906.04 2375
      vertex 4700 4934.87 2354.82
    endloop
  endfacet
  facet normal 0 -0.573683 -0.819078
    outer loop
      vertex 4700 2436.45 4104.23
      vertex 4800 2456.41 4090.25
      vertex 4800 2436.45 4104.23
    endloop
  endfacet
  facet normal -0 -0.573683 -0.819078
    outer loop
      vertex 4800 2456.41 4090.25
      vertex 4700 2436.45 4104.23
      vertex 4700 2456.41 4090.25
    endloop
  endfacet
  facet normal 0 -0.573576 -0.819152
    outer loop
      vertex 4700 2525 4042.22
      vertex 4800 4850 2414.24
      vertex 4800 2525 4042.22
    endloop
  endfacet
  facet normal -0 -0.573576 -0.819152
    outer loop
      vertex 4800 4850 2414.24
      vertex 4700 2525 4042.22
      vertex 4700 4850 2414.24
    endloop
  endfacet
  facet normal -0 0.573665 0.81909
    outer loop
      vertex 4700 4963.55 2395.77
      vertex 4800 4950 2405.26
      vertex 4800 4963.55 2395.77
    endloop
  endfacet
  facet normal 0 0.573665 0.81909
    outer loop
      vertex 4800 4950 2405.26
      vertex 4700 4963.55 2395.77
      vertex 4700 4950 2405.26
    endloop
  endfacet
  facet normal -0 0.573577 0.819152
    outer loop
      vertex 4700 4921.81 2425
      vertex 4800 2543.59 4090.25
      vertex 4800 4921.81 2425
    endloop
  endfacet
  facet normal 0 0.573577 0.819152
    outer loop
      vertex 4800 2543.59 4090.25
      vertex 4700 4921.81 2425
      vertex 4700 2543.59 4090.25
    endloop
  endfacet
  facet normal 0 0 -1
    outer loop
      vertex 4700 2475 4000
      vertex 4800 2525 4000
      vertex 4800 2475 4000
    endloop
  endfacet
  facet normal -0 0 -1
    outer loop
      vertex 4800 2525 4000
      vertex 4700 2475 4000
      vertex 4700 2525 4000
    endloop
  endfacet
  facet normal -0 0 1
    outer loop
      vertex 4700 2525 6500
      vertex 4800 2475 6500
      vertex 4800 2525 6500
    endloop
  endfacet
  facet normal 0 0 1
    outer loop
      vertex 4800 2475 6500
      vertex 4700 2525 6500
      vertex 4700 2475 6500
    endloop
  endfacet
  facet normal 0 -1 0
    outer loop
      vertex 4700 2475 4000
      vertex 4800 2475 4042.22
      vertex 4700 2475 4042.22
    endloop
  endfacet
  facet normal 0 -1 -0
    outer loop
      vertex 4800 2475 4042.22
      vertex 4700 2475 4000
      vertex 4800 2475 4000
    endloop
  endfacet
  facet normal 0 -1 0
    outer loop
      vertex 4700 2475 4175
      vertex 4800 2475 6500
      vertex 4700 2475 6500
    endloop
  endfacet
  facet normal 0 -1 -0
    outer loop
      vertex 4800 2475 6500
      vertex 4700 2475 4175
      vertex 4800 2475 4175
    endloop
  endfacet
  facet normal 0 1 -0
    outer loop
      vertex 4800 2525 4000
      vertex 4700 2525 4042.22
      vertex 4800 2525 4042.22
    endloop
  endfacet
  facet normal 0 1 0
    outer loop
      vertex 4700 2525 4042.22
      vertex 4800 2525 4000
      vertex 4700 2525 4000
    endloop
  endfacet
  facet normal 0 1 -0
    outer loop
      vertex 4800 2525 4175
      vertex 4700 2525 6500
      vertex 4800 2525 6500
    endloop
  endfacet
  facet normal 0 1 0
    outer loop
      vertex 4700 2525 6500
      vertex 4800 2525 4175
      vertex 4700 2525 4175
    endloop
  endfacet
  facet normal 0 -0.5 -0.866025
    outer loop
      vertex 5850 -9.15063 2419.09
      vertex 5950 34.1506 2394.09
      vertex 5950 -9.15063 2419.09
    endloop
  endfacet
  facet normal -0 -0.5 -0.866025
    outer loop
      vertex 5950 34.1506 2394.09
      vertex 5850 -9.15063 2419.09
      vertex 5850 34.1506 2394.09
    endloop
  endfacet
  facet normal -0 0.499876 0.866097
    outer loop
      vertex 5850 2500 6686.2
      vertex 5950 2465.85 6705.91
      vertex 5950 2500 6686.2
    endloop
  endfacet
  facet normal 0 0.499876 0.866097
    outer loop
      vertex 5950 2465.85 6705.91
      vertex 5850 2500 6686.2
      vertex 5850 2465.85 6705.91
    endloop
  endfacet
  facet normal -1 0 0
    outer loop
      vertex 5850 -9.15063 2419.09
      vertex 5850 50 2421.54
      vertex 5850 34.1506 2394.09
    endloop
  endfacet
  facet normal -1 0 0
    outer loop
      vertex 5850 4950 2421.54
      vertex 5850 5009.15 2419.09
      vertex 5850 4965.85 2394.09
    endloop
  endfacet
  facet normal -1 0 0
    outer loop
      vertex 5850 4950 2425
      vertex 5850 5009.15 2419.09
      vertex 5850 4950 2421.54
    endloop
  endfacet
  facet normal -1 0 0
    outer loop
      vertex 5850 4950 2425
      vertex 5850 2534.15 6705.91
      vertex 5850 5009.15 2419.09
    endloop
  endfacet
  facet normal -1 0 0
    outer loop
      vertex 5850 4948 2425
      vertex 5850 2534.15 6705.91
      vertex 5850 4950 2425
    endloop
  endfacet
  facet normal -1 0 0
    outer loop
      vertex 5850 2500 6665.06
      vertex 5850 2534.15 6705.91
      vertex 5850 4948 2425
    endloop
  endfacet
  facet normal -1 0 0
    outer loop
      vertex 5850 2500 6665.06
      vertex 5850 2500 6686.2
      vertex 5850 2534.15 6705.91
    endloop
  endfacet
  facet normal -1 0 0
    outer loop
      vertex 5850 2500 6665.06
      vertex 5850 2465.85 6705.91
      vertex 5850 2500 6686.2
    endloop
  endfacet
  facet normal -1 0 0
    outer loop
      vertex 5850 51.9982 2425
      vertex 5850 2465.85 6705.91
      vertex 5850 2500 6665.06
    endloop
  endfacet
  facet normal -1 0 0
    outer loop
      vertex 5850 50 2425
      vertex 5850 2465.85 6705.91
      vertex 5850 51.9982 2425
    endloop
  endfacet
  facet normal -1 -0 0
    outer loop
      vertex 5850 50 2425
      vertex 5850 -9.15063 2419.09
      vertex 5850 2465.85 6705.91
    endloop
  endfacet
  facet normal -1 -0 0
    outer loop
      vertex 5850 50 2421.54
      vertex 5850 -9.15063 2419.09
      vertex 5850 50 2425
    endloop
  endfacet
  facet normal 0 -0.866025 0.500001
    outer loop
      vertex 5850 -9.15063 2419.09
      vertex 5950 2465.85 6705.91
      vertex 5850 2465.85 6705.91
    endloop
  endfacet
  facet normal 0 -0.866025 0.500001
    outer loop
      vertex 5950 2465.85 6705.91
      vertex 5850 -9.15063 2419.09
      vertex 5950 -9.15063 2419.09
    endloop
  endfacet
  facet normal 0 0.86601 -0.500027
    outer loop
      vertex 5950 34.1506 2394.09
      vertex 5850 50 2421.54
      vertex 5950 50 2421.54
    endloop
  endfacet
  facet normal 0 0.86601 -0.500027
    outer loop
      vertex 5850 50 2421.54
      vertex 5950 34.1506 2394.09
      vertex 5850 34.1506 2394.09
    endloop
  endfacet
  facet normal 0 0.866025 -0.5
    outer loop
      vertex 5950 51.9982 2425
      vertex 5850 2500 6665.06
      vertex 5950 2500 6665.06
    endloop
  endfacet
  facet normal 0 0.866025 -0.5
    outer loop
      vertex 5850 2500 6665.06
      vertex 5950 51.9982 2425
      vertex 5850 51.9982 2425
    endloop
  endfacet
  facet normal 0 0.500011 -0.866019
    outer loop
      vertex 5850 4965.85 2394.09
      vertex 5950 5009.15 2419.09
      vertex 5950 4965.85 2394.09
    endloop
  endfacet
  facet normal 0 0.500011 -0.866019
    outer loop
      vertex 5950 5009.15 2419.09
      vertex 5850 4965.85 2394.09
      vertex 5850 5009.15 2419.09
    endloop
  endfacet
  facet normal 0 -0.499876 0.866097
    outer loop
      vertex 5850 2534.15 6705.91
      vertex 5950 2500 6686.2
      vertex 5950 2534.15 6705.91
    endloop
  endfacet
  facet normal 0 -0.499876 0.866097
    outer loop
      vertex 5950 2500 6686.2
      vertex 5850 2534.15 6705.91
      vertex 5850 2500 6686.2
    endloop
  endfacet
  facet normal 0 -0.866002 -0.500041
    outer loop
      vertex 5850 4965.85 2394.09
      vertex 5950 4950 2421.54
      vertex 5850 4950 2421.54
    endloop
  endfacet
  facet normal 0 -0.866002 -0.500041
    outer loop
      vertex 5950 4950 2421.54
      vertex 5850 4965.85 2394.09
      vertex 5950 4965.85 2394.09
    endloop
  endfacet
  facet normal 0 -0.866025 -0.5
    outer loop
      vertex 5850 4948 2425
      vertex 5950 2500 6665.06
      vertex 5850 2500 6665.06
    endloop
  endfacet
  facet normal 0 -0.866025 -0.5
    outer loop
      vertex 5950 2500 6665.06
      vertex 5850 4948 2425
      vertex 5950 4948 2425
    endloop
  endfacet
  facet normal 0 0.866025 0.500001
    outer loop
      vertex 5950 5009.15 2419.09
      vertex 5850 2534.15 6705.91
      vertex 5950 2534.15 6705.91
    endloop
  endfacet
  facet normal 0 0.866025 0.500001
    outer loop
      vertex 5850 2534.15 6705.91
      vertex 5950 5009.15 2419.09
      vertex 5850 5009.15 2419.09
    endloop
  endfacet
  facet normal 0 -0.819114 -0.573631
    outer loop
      vertex 5850 65.1325 2354.82
      vertex 5950 51.0003 2375
      vertex 5850 51.0003 2375
    endloop
  endfacet
  facet normal 0 -0.819114 -0.573631
    outer loop
      vertex 5950 51.0003 2375
      vertex 5850 65.1325 2354.82
      vertex 5950 65.1325 2354.82
    endloop
  endfacet
  facet normal 0 -0.819067 -0.573698
    outer loop
      vertex 5850 50 2376.43
      vertex 5950 36.4537 2395.77
      vertex 5850 36.4537 2395.77
    endloop
  endfacet
  facet normal 0 -0.819067 -0.573698
    outer loop
      vertex 5950 36.4537 2395.77
      vertex 5850 50 2376.43
      vertex 5950 50 2376.43
    endloop
  endfacet
  facet normal 0 0.819028 0.573753
    outer loop
      vertex 5950 2563.55 4104.23
      vertex 5850 2549 4125
      vertex 5950 2549 4125
    endloop
  endfacet
  facet normal 0 0.819028 0.573753
    outer loop
      vertex 5850 2549 4125
      vertex 5950 2563.55 4104.23
      vertex 5850 2563.55 4104.23
    endloop
  endfacet
  facet normal -1 0 0
    outer loop
      vertex 5850 150 2425
      vertex 5850 625 2746.84
      vertex 5850 150 2414.24
    endloop
  endfacet
  facet normal -1 -0 0
    outer loop
      vertex 5850 1225 3166.97
      vertex 5850 665.216 2775
      vertex 5850 1225 3175
    endloop
  endfacet
  facet normal -1 0 0
    outer loop
      vertex 5850 2525 4000
      vertex 5850 2475 4000
      vertex 5850 2525 4042.22
    endloop
  endfacet
  facet normal -1 0 0
    outer loop
      vertex 5850 4850 2414.24
      vertex 5850 4375 2746.84
      vertex 5850 4850 2425
    endloop
  endfacet
  facet normal -1 0 0
    outer loop
      vertex 5850 4375 2775
      vertex 5850 4850 2425
      vertex 5850 4375 2746.84
    endloop
  endfacet
  facet normal -1 0 0
    outer loop
      vertex 5850 4850 2425
      vertex 5850 4375 2775
      vertex 5850 4921.81 2425
    endloop
  endfacet
  facet normal -1 0 0
    outer loop
      vertex 5850 3775 3175
      vertex 5850 4334.78 2775
      vertex 5850 3775 3166.97
    endloop
  endfacet
  facet normal -1 0 0
    outer loop
      vertex 5850 4334.78 2775
      vertex 5850 3775 3175
      vertex 5850 4375 2775
    endloop
  endfacet
  facet normal -1 0 0
    outer loop
      vertex 5850 4375 2775
      vertex 5850 3775 3175
      vertex 5850 4921.81 2425
    endloop
  endfacet
  facet normal -1 0 0
    outer loop
      vertex 5850 3775 3175
      vertex 5850 2543.59 4090.25
      vertex 5850 4921.81 2425
    endloop
  endfacet
  facet normal -1 0 0
    outer loop
      vertex 5850 3763.52 3175
      vertex 5850 2543.59 4090.25
      vertex 5850 3775 3175
    endloop
  endfacet
  facet normal -1 0 -0
    outer loop
      vertex 5850 2543.59 4090.25
      vertex 5850 3763.52 3175
      vertex 5850 2525 4042.22
    endloop
  endfacet
  facet normal -1 0 0
    outer loop
      vertex 5850 2543.59 4090.25
      vertex 5850 2549 4125
      vertex 5850 2563.55 4104.23
    endloop
  endfacet
  facet normal -1 0 0
    outer loop
      vertex 5850 2456.41 4090.25
      vertex 5850 2543.59 4090.25
      vertex 5850 2525 4042.22
    endloop
  endfacet
  facet normal -1 0 0
    outer loop
      vertex 5850 2475 4042.22
      vertex 5850 2525 4042.22
      vertex 5850 2475 4000
    endloop
  endfacet
  facet normal -1 0 0
    outer loop
      vertex 5850 2456.41 4090.25
      vertex 5850 2525 4042.22
      vertex 5850 2475 4042.22
    endloop
  endfacet
  facet normal -1 0 0
    outer loop
      vertex 5850 2543.59 4090.25
      vertex 5850 2456.41 4090.25
      vertex 5850 2549 4125
    endloop
  endfacet
  facet normal -1 0 0
    outer loop
      vertex 5850 2456.41 4090.25
      vertex 5850 2451 4125
      vertex 5850 2549 4125
    endloop
  endfacet
  facet normal -1 0 -0
    outer loop
      vertex 5850 2451 4125
      vertex 5850 2456.41 4090.25
      vertex 5850 2436.45 4104.23
    endloop
  endfacet
  facet normal -1 0 0
    outer loop
      vertex 5850 1236.48 3175
      vertex 5850 2456.41 4090.25
      vertex 5850 2475 4042.22
    endloop
  endfacet
  facet normal -1 0 0
    outer loop
      vertex 5850 1225 3175
      vertex 5850 2456.41 4090.25
      vertex 5850 1236.48 3175
    endloop
  endfacet
  facet normal -1 0 0
    outer loop
      vertex 5850 625 2775
      vertex 5850 1225 3175
      vertex 5850 665.216 2775
    endloop
  endfacet
  facet normal -1 -0 0
    outer loop
      vertex 5850 1225 3175
      vertex 5850 625 2775
      vertex 5850 2456.41 4090.25
    endloop
  endfacet
  facet normal -1 -0 0
    outer loop
      vertex 5850 625 2746.84
      vertex 5850 150 2425
      vertex 5850 625 2775
    endloop
  endfacet
  facet normal -1 -0 0
    outer loop
      vertex 5850 625 2775
      vertex 5850 78.1917 2425
      vertex 5850 2456.41 4090.25
    endloop
  endfacet
  facet normal -1 0 0
    outer loop
      vertex 5850 78.1917 2425
      vertex 5850 625 2775
      vertex 5850 150 2425
    endloop
  endfacet
  facet normal -1 0 0
    outer loop
      vertex 5850 2475 4175
      vertex 5850 2525 6500
      vertex 5850 2525 4175
    endloop
  endfacet
  facet normal -1 -0 0
    outer loop
      vertex 5850 2525 6500
      vertex 5850 2475 4175
      vertex 5850 2475 6500
    endloop
  endfacet
  facet normal -1 -0 0
    outer loop
      vertex 5850 4963.55 2395.77
      vertex 5850 4950 2376.43
      vertex 5850 4950 2405.26
    endloop
  endfacet
  facet normal -1 0 0
    outer loop
      vertex 5850 4934.87 2354.82
      vertex 5850 4906.04 2375
      vertex 5850 4949 2375
    endloop
  endfacet
  facet normal -1 0 0
    outer loop
      vertex 5850 65.1325 2354.82
      vertex 5850 51.0003 2375
      vertex 5850 93.9567 2375
    endloop
  endfacet
  facet normal -1 0 0
    outer loop
      vertex 5850 50 2376.43
      vertex 5850 36.4537 2395.77
      vertex 5850 50 2405.26
    endloop
  endfacet
  facet normal 0 -0.57377 0.819016
    outer loop
      vertex 5850 50 2405.26
      vertex 5950 36.4537 2395.77
      vertex 5950 50 2405.26
    endloop
  endfacet
  facet normal 0 -0.57377 0.819016
    outer loop
      vertex 5950 36.4537 2395.77
      vertex 5850 50 2405.26
      vertex 5850 36.4537 2395.77
    endloop
  endfacet
  facet normal 0 -0.573577 0.819151
    outer loop
      vertex 5850 2456.41 4090.25
      vertex 5950 78.1917 2425
      vertex 5950 2456.41 4090.25
    endloop
  endfacet
  facet normal 0 -0.573577 0.819151
    outer loop
      vertex 5950 78.1917 2425
      vertex 5850 2456.41 4090.25
      vertex 5850 78.1917 2425
    endloop
  endfacet
  facet normal 0 0.573521 -0.819191
    outer loop
      vertex 5850 65.1325 2354.82
      vertex 5950 93.9567 2375
      vertex 5950 65.1325 2354.82
    endloop
  endfacet
  facet normal 0 0.573521 -0.819191
    outer loop
      vertex 5950 93.9567 2375
      vertex 5850 65.1325 2354.82
      vertex 5850 93.9567 2375
    endloop
  endfacet
  facet normal 0 0.573683 -0.819078
    outer loop
      vertex 5850 2543.59 4090.25
      vertex 5950 2563.55 4104.23
      vertex 5950 2543.59 4090.25
    endloop
  endfacet
  facet normal 0 0.573683 -0.819078
    outer loop
      vertex 5950 2563.55 4104.23
      vertex 5850 2543.59 4090.25
      vertex 5850 2563.55 4104.23
    endloop
  endfacet
  facet normal 0 0.573581 -0.819149
    outer loop
      vertex 5850 665.216 2775
      vertex 5900 1225 3166.97
      vertex 5900 665.216 2775
    endloop
  endfacet
  facet normal 0 0.573581 -0.819149
    outer loop
      vertex 5900 1225 3166.97
      vertex 5850 665.216 2775
      vertex 5850 1225 3166.97
    endloop
  endfacet
  facet normal 6.4528e-05 0.573583 -0.819148
    outer loop
      vertex 5900 665.216 2775
      vertex 5950 150 2414.24
      vertex 5900 625 2746.84
    endloop
  endfacet
  facet normal 0 0.573578 -0.819151
    outer loop
      vertex 5850 150 2414.24
      vertex 5900 625 2746.84
      vertex 5950 150 2414.24
    endloop
  endfacet
  facet normal 0 0.573578 -0.819151
    outer loop
      vertex 5900 625 2746.84
      vertex 5850 150 2414.24
      vertex 5850 625 2746.84
    endloop
  endfacet
  facet normal 4.50612e-05 0.573581 -0.819149
    outer loop
      vertex 5900 1225 3166.97
      vertex 5950 150 2414.24
      vertex 5900 665.216 2775
    endloop
  endfacet
  facet normal -0.000132121 0.573576 -0.819152
    outer loop
      vertex 5950 150 2414.24
      vertex 5900 1225 3166.97
      vertex 5950 2475 4042.22
    endloop
  endfacet
  facet normal 0.0148024 0.573112 -0.819343
    outer loop
      vertex 5900 1236.48 3175
      vertex 5950 2475 4042.22
      vertex 5900 1225 3166.97
    endloop
  endfacet
  facet normal 0 0.573576 -0.819152
    outer loop
      vertex 5850 2475 4042.22
      vertex 5900 1236.48 3175
      vertex 5850 1236.48 3175
    endloop
  endfacet
  facet normal 0 0.573576 -0.819152
    outer loop
      vertex 5900 1236.48 3175
      vertex 5850 2475 4042.22
      vertex 5950 2475 4042.22
    endloop
  endfacet
  facet normal 0 0.818993 -0.573803
    outer loop
      vertex 5950 4950 2376.43
      vertex 5850 4963.55 2395.77
      vertex 5950 4963.55 2395.77
    endloop
  endfacet
  facet normal 0 0.818993 -0.573803
    outer loop
      vertex 5850 4963.55 2395.77
      vertex 5950 4950 2376.43
      vertex 5850 4950 2376.43
    endloop
  endfacet
  facet normal 0 0.819156 -0.573571
    outer loop
      vertex 5950 4934.87 2354.82
      vertex 5850 4949 2375
      vertex 5950 4949 2375
    endloop
  endfacet
  facet normal 0 0.819156 -0.573571
    outer loop
      vertex 5850 4949 2375
      vertex 5950 4934.87 2354.82
      vertex 5850 4934.87 2354.82
    endloop
  endfacet
  facet normal 0 -0.819028 0.573753
    outer loop
      vertex 5850 2436.45 4104.23
      vertex 5950 2451 4125
      vertex 5850 2451 4125
    endloop
  endfacet
  facet normal 0 -0.819028 0.573753
    outer loop
      vertex 5950 2451 4125
      vertex 5850 2436.45 4104.23
      vertex 5950 2436.45 4104.23
    endloop
  endfacet
  facet normal 0 -0.573443 -0.819245
    outer loop
      vertex 5850 4906.04 2375
      vertex 5950 4934.87 2354.82
      vertex 5950 4906.04 2375
    endloop
  endfacet
  facet normal -0 -0.573443 -0.819245
    outer loop
      vertex 5950 4934.87 2354.82
      vertex 5850 4906.04 2375
      vertex 5850 4934.87 2354.82
    endloop
  endfacet
  facet normal 0 -0.573683 -0.819078
    outer loop
      vertex 5850 2436.45 4104.23
      vertex 5950 2456.41 4090.25
      vertex 5950 2436.45 4104.23
    endloop
  endfacet
  facet normal -0 -0.573683 -0.819078
    outer loop
      vertex 5950 2456.41 4090.25
      vertex 5850 2436.45 4104.23
      vertex 5850 2456.41 4090.25
    endloop
  endfacet
  facet normal 0 -0.573584 -0.819147
    outer loop
      vertex 5850 3775 3166.97
      vertex 5900 4334.78 2775
      vertex 5900 3775 3166.97
    endloop
  endfacet
  facet normal -0 -0.573584 -0.819147
    outer loop
      vertex 5900 4334.78 2775
      vertex 5850 3775 3166.97
      vertex 5850 4334.78 2775
    endloop
  endfacet
  facet normal 5.00581e-06 -0.573576 -0.819152
    outer loop
      vertex 5950 2525 4042.22
      vertex 5900 3763.52 3175
      vertex 5950 4850 2414.24
    endloop
  endfacet
  facet normal 0 -0.573576 -0.819152
    outer loop
      vertex 5850 2525 4042.22
      vertex 5900 3763.52 3175
      vertex 5950 2525 4042.22
    endloop
  endfacet
  facet normal -0 -0.573576 -0.819152
    outer loop
      vertex 5900 3763.52 3175
      vertex 5850 2525 4042.22
      vertex 5850 3763.52 3175
    endloop
  endfacet
  facet normal -0.0129762 -0.573127 -0.819364
    outer loop
      vertex 5900 3775 3166.97
      vertex 5950 4850 2414.24
      vertex 5900 3763.52 3175
    endloop
  endfacet
  facet normal 0.000133181 -0.573584 -0.819147
    outer loop
      vertex 5900 4334.78 2775
      vertex 5950 4850 2414.24
      vertex 5900 3775 3166.97
    endloop
  endfacet
  facet normal -0.00047741 -0.573544 -0.819174
    outer loop
      vertex 5900 4375 2746.84
      vertex 5950 4850 2414.24
      vertex 5900 4334.78 2775
    endloop
  endfacet
  facet normal 0 -0.573578 -0.819151
    outer loop
      vertex 5850 4850 2414.24
      vertex 5900 4375 2746.84
      vertex 5850 4375 2746.84
    endloop
  endfacet
  facet normal 0 -0.573578 -0.819151
    outer loop
      vertex 5900 4375 2746.84
      vertex 5850 4850 2414.24
      vertex 5950 4850 2414.24
    endloop
  endfacet
  facet normal -0 0.573665 0.81909
    outer loop
      vertex 5850 4963.55 2395.77
      vertex 5950 4950 2405.26
      vertex 5950 4963.55 2395.77
    endloop
  endfacet
  facet normal 0 0.573665 0.81909
    outer loop
      vertex 5950 4950 2405.26
      vertex 5850 4963.55 2395.77
      vertex 5850 4950 2405.26
    endloop
  endfacet
  facet normal -0 0.573577 0.819152
    outer loop
      vertex 5850 4921.81 2425
      vertex 5950 2543.59 4090.25
      vertex 5950 4921.81 2425
    endloop
  endfacet
  facet normal 0 0.573577 0.819152
    outer loop
      vertex 5950 2543.59 4090.25
      vertex 5850 4921.81 2425
      vertex 5850 2543.59 4090.25
    endloop
  endfacet
  facet normal 0 0 -1
    outer loop
      vertex 5850 2475 4000
      vertex 5950 2525 4000
      vertex 5950 2475 4000
    endloop
  endfacet
  facet normal -0 0 -1
    outer loop
      vertex 5950 2525 4000
      vertex 5850 2475 4000
      vertex 5850 2525 4000
    endloop
  endfacet
  facet normal -0 0 1
    outer loop
      vertex 5850 2525 6500
      vertex 5950 2475 6500
      vertex 5950 2525 6500
    endloop
  endfacet
  facet normal 0 0 1
    outer loop
      vertex 5950 2475 6500
      vertex 5850 2525 6500
      vertex 5850 2475 6500
    endloop
  endfacet
  facet normal 0 -1 0
    outer loop
      vertex 5850 2475 4000
      vertex 5950 2475 4042.22
      vertex 5850 2475 4042.22
    endloop
  endfacet
  facet normal 0 -1 -0
    outer loop
      vertex 5950 2475 4042.22
      vertex 5850 2475 4000
      vertex 5950 2475 4000
    endloop
  endfacet
  facet normal 0 -1 0
    outer loop
      vertex 5850 2475 4175
      vertex 5950 2475 6500
      vertex 5850 2475 6500
    endloop
  endfacet
  facet normal 0 -1 -0
    outer loop
      vertex 5950 2475 6500
      vertex 5850 2475 4175
      vertex 5950 2475 4175
    endloop
  endfacet
  facet normal 0 1 -0
    outer loop
      vertex 5950 2525 4000
      vertex 5850 2525 4042.22
      vertex 5950 2525 4042.22
    endloop
  endfacet
  facet normal 0 1 0
    outer loop
      vertex 5850 2525 4042.22
      vertex 5950 2525 4000
      vertex 5850 2525 4000
    endloop
  endfacet
  facet normal 0 1 -0
    outer loop
      vertex 5950 2525 4175
      vertex 5850 2525 6500
      vertex 5950 2525 6500
    endloop
  endfacet
  facet normal 0 1 0
    outer loop
      vertex 5850 2525 6500
      vertex 5950 2525 4175
      vertex 5850 2525 4175
    endloop
  endfacet
  facet normal 0 -1 0
    outer loop
      vertex 50 2450 4125
      vertex 5950 2450 4175
      vertex 50 2450 4175
    endloop
  endfacet
  facet normal 0 -1 -0
    outer loop
      vertex 5950 2450 4175
      vertex 50 2450 4125
      vertex 5950 2450 4125
    endloop
  endfacet
  facet normal 0 1 -0
    outer loop
      vertex 5950 2550 4125
      vertex 50 2550 4175
      vertex 5950 2550 4175
    endloop
  endfacet
  facet normal 0 1 0
    outer loop
      vertex 50 2550 4175
      vertex 5950 2550 4125
      vertex 50 2550 4125
    endloop
  endfacet
  facet normal 0 0 -1
    outer loop
      vertex 5950 2450 4125
      vertex 5850 2451 4125
      vertex 5950 2451 4125
    endloop
  endfacet
  facet normal 0 0 -1
    outer loop
      vertex 5850 2451 4125
      vertex 4800 2451 4125
      vertex 5850 2549 4125
    endloop
  endfacet
  facet normal 0 0 -1
    outer loop
      vertex 5950 2450 4125
      vertex 4800 2451 4125
      vertex 5850 2451 4125
    endloop
  endfacet
  facet normal 0 0 -1
    outer loop
      vertex 5950 2450 4125
      vertex 4700 2451 4125
      vertex 4800 2451 4125
    endloop
  endfacet
  facet normal 0 0 -1
    outer loop
      vertex 4700 2451 4125
      vertex 3650 2451 4125
      vertex 4700 2549 4125
    endloop
  endfacet
  facet normal 0 0 -1
    outer loop
      vertex 5950 2450 4125
      vertex 3650 2451 4125
      vertex 4700 2451 4125
    endloop
  endfacet
  facet normal 0 0 -1
    outer loop
      vertex 5950 2450 4125
      vertex 3550 2451 4125
      vertex 3650 2451 4125
    endloop
  endfacet
  facet normal 0 0 -1
    outer loop
      vertex 3550 2451 4125
      vertex 2450 2451 4125
      vertex 3550 2549 4125
    endloop
  endfacet
  facet normal 0 0 -1
    outer loop
      vertex 5950 2450 4125
      vertex 2450 2451 4125
      vertex 3550 2451 4125
    endloop
  endfacet
  facet normal 0 0 -1
    outer loop
      vertex 5950 2450 4125
      vertex 2350 2451 4125
      vertex 2450 2451 4125
    endloop
  endfacet
  facet normal 0 0 -1
    outer loop
      vertex 2350 2451 4125
      vertex 1300 2451 4125
      vertex 2350 2549 4125
    endloop
  endfacet
  facet normal 0 0 -1
    outer loop
      vertex 5950 2450 4125
      vertex 1300 2451 4125
      vertex 2350 2451 4125
    endloop
  endfacet
  facet normal 0 0 -1
    outer loop
      vertex 5950 2450 4125
      vertex 1200 2451 4125
      vertex 1300 2451 4125
    endloop
  endfacet
  facet normal 0 0 -1
    outer loop
      vertex 1200 2451 4125
      vertex 150 2451 4125
      vertex 1200 2549 4125
    endloop
  endfacet
  facet normal 0 0 -1
    outer loop
      vertex 50 2450 4125
      vertex 1200 2451 4125
      vertex 5950 2450 4125
    endloop
  endfacet
  facet normal -0 0 -1
    outer loop
      vertex 1200 2451 4125
      vertex 50 2450 4125
      vertex 150 2451 4125
    endloop
  endfacet
  facet normal -0 0 -1
    outer loop
      vertex 150 2451 4125
      vertex 50 2450 4125
      vertex 50 2451 4125
    endloop
  endfacet
  facet normal 0 0 -1
    outer loop
      vertex 5850 2549 4125
      vertex 5950 2550 4125
      vertex 5950 2549 4125
    endloop
  endfacet
  facet normal 0 0 -1
    outer loop
      vertex 4800 2549 4125
      vertex 5850 2549 4125
      vertex 4800 2451 4125
    endloop
  endfacet
  facet normal 0 0 -1
    outer loop
      vertex 4800 2549 4125
      vertex 5950 2550 4125
      vertex 5850 2549 4125
    endloop
  endfacet
  facet normal 0 0 -1
    outer loop
      vertex 4700 2549 4125
      vertex 5950 2550 4125
      vertex 4800 2549 4125
    endloop
  endfacet
  facet normal 0 0 -1
    outer loop
      vertex 3650 2549 4125
      vertex 4700 2549 4125
      vertex 3650 2451 4125
    endloop
  endfacet
  facet normal 0 0 -1
    outer loop
      vertex 3650 2549 4125
      vertex 5950 2550 4125
      vertex 4700 2549 4125
    endloop
  endfacet
  facet normal 0 0 -1
    outer loop
      vertex 3550 2549 4125
      vertex 5950 2550 4125
      vertex 3650 2549 4125
    endloop
  endfacet
  facet normal 0 0 -1
    outer loop
      vertex 2450 2549 4125
      vertex 3550 2549 4125
      vertex 2450 2451 4125
    endloop
  endfacet
  facet normal 0 0 -1
    outer loop
      vertex 2450 2549 4125
      vertex 5950 2550 4125
      vertex 3550 2549 4125
    endloop
  endfacet
  facet normal 0 0 -1
    outer loop
      vertex 2350 2549 4125
      vertex 5950 2550 4125
      vertex 2450 2549 4125
    endloop
  endfacet
  facet normal 0 0 -1
    outer loop
      vertex 1300 2549 4125
      vertex 2350 2549 4125
      vertex 1300 2451 4125
    endloop
  endfacet
  facet normal 0 0 -1
    outer loop
      vertex 1300 2549 4125
      vertex 5950 2550 4125
      vertex 2350 2549 4125
    endloop
  endfacet
  facet normal 0 0 -1
    outer loop
      vertex 1200 2549 4125
      vertex 5950 2550 4125
      vertex 1300 2549 4125
    endloop
  endfacet
  facet normal 0 0 -1
    outer loop
      vertex 150 2549 4125
      vertex 1200 2549 4125
      vertex 150 2451 4125
    endloop
  endfacet
  facet normal 0 0 -1
    outer loop
      vertex 50 2550 4125
      vertex 1200 2549 4125
      vertex 150 2549 4125
    endloop
  endfacet
  facet normal 0 0 -1
    outer loop
      vertex 50 2550 4125
      vertex 150 2549 4125
      vertex 50 2549 4125
    endloop
  endfacet
  facet normal 0 0 -1
    outer loop
      vertex 1200 2549 4125
      vertex 50 2550 4125
      vertex 5950 2550 4125
    endloop
  endfacet
  facet normal 0 0 1
    outer loop
      vertex 5950 2550 4175
      vertex 5850 2525 4175
      vertex 5950 2525 4175
    endloop
  endfacet
  facet normal 0 0 1
    outer loop
      vertex 5850 2525 4175
      vertex 4800 2525 4175
      vertex 5850 2475 4175
    endloop
  endfacet
  facet normal 0 0 1
    outer loop
      vertex 5950 2550 4175
      vertex 4800 2525 4175
      vertex 5850 2525 4175
    endloop
  endfacet
  facet normal 0 0 1
    outer loop
      vertex 5950 2550 4175
      vertex 4700 2525 4175
      vertex 4800 2525 4175
    endloop
  endfacet
  facet normal 0 0 1
    outer loop
      vertex 4700 2525 4175
      vertex 3650 2525 4175
      vertex 4700 2475 4175
    endloop
  endfacet
  facet normal 0 0 1
    outer loop
      vertex 5950 2550 4175
      vertex 3650 2525 4175
      vertex 4700 2525 4175
    endloop
  endfacet
  facet normal 0 0 1
    outer loop
      vertex 5950 2550 4175
      vertex 3550 2525 4175
      vertex 3650 2525 4175
    endloop
  endfacet
  facet normal 0 0 1
    outer loop
      vertex 3550 2525 4175
      vertex 2450 2525 4175
      vertex 3550 2475 4175
    endloop
  endfacet
  facet normal 0 0 1
    outer loop
      vertex 5950 2550 4175
      vertex 2450 2525 4175
      vertex 3550 2525 4175
    endloop
  endfacet
  facet normal 0 0 1
    outer loop
      vertex 5950 2550 4175
      vertex 2350 2525 4175
      vertex 2450 2525 4175
    endloop
  endfacet
  facet normal 0 0 1
    outer loop
      vertex 2350 2525 4175
      vertex 1300 2525 4175
      vertex 2350 2475 4175
    endloop
  endfacet
  facet normal -0 0 1
    outer loop
      vertex 50 2550 4175
      vertex 2350 2525 4175
      vertex 5950 2550 4175
    endloop
  endfacet
  facet normal 0 0 1
    outer loop
      vertex 2350 2525 4175
      vertex 50 2550 4175
      vertex 1300 2525 4175
    endloop
  endfacet
  facet normal 0 0 1
    outer loop
      vertex 1200 2525 4175
      vertex 150 2525 4175
      vertex 1200 2475 4175
    endloop
  endfacet
  facet normal 0 0 1
    outer loop
      vertex 1300 2525 4175
      vertex 50 2550 4175
      vertex 1200 2525 4175
    endloop
  endfacet
  facet normal 0 0 1
    outer loop
      vertex 1200 2525 4175
      vertex 50 2550 4175
      vertex 150 2525 4175
    endloop
  endfacet
  facet normal 0 0 1
    outer loop
      vertex 150 2525 4175
      vertex 50 2550 4175
      vertex 50 2525 4175
    endloop
  endfacet
  facet normal -0 0 1
    outer loop
      vertex 5850 2475 4175
      vertex 5950 2450 4175
      vertex 5950 2475 4175
    endloop
  endfacet
  facet normal 0 0 1
    outer loop
      vertex 4800 2475 4175
      vertex 5850 2475 4175
      vertex 4800 2525 4175
    endloop
  endfacet
  facet normal 0 0 1
    outer loop
      vertex 5850 2475 4175
      vertex 4800 2475 4175
      vertex 5950 2450 4175
    endloop
  endfacet
  facet normal -0 0 1
    outer loop
      vertex 4700 2475 4175
      vertex 5950 2450 4175
      vertex 4800 2475 4175
    endloop
  endfacet
  facet normal 0 0 1
    outer loop
      vertex 3650 2475 4175
      vertex 4700 2475 4175
      vertex 3650 2525 4175
    endloop
  endfacet
  facet normal -0 0 1
    outer loop
      vertex 3650 2475 4175
      vertex 5950 2450 4175
      vertex 4700 2475 4175
    endloop
  endfacet
  facet normal -0 0 1
    outer loop
      vertex 3550 2475 4175
      vertex 5950 2450 4175
      vertex 3650 2475 4175
    endloop
  endfacet
  facet normal 0 0 1
    outer loop
      vertex 2450 2475 4175
      vertex 3550 2475 4175
      vertex 2450 2525 4175
    endloop
  endfacet
  facet normal -0 0 1
    outer loop
      vertex 2450 2475 4175
      vertex 5950 2450 4175
      vertex 3550 2475 4175
    endloop
  endfacet
  facet normal -0 0 1
    outer loop
      vertex 2350 2475 4175
      vertex 5950 2450 4175
      vertex 2450 2475 4175
    endloop
  endfacet
  facet normal 0 0 1
    outer loop
      vertex 1300 2475 4175
      vertex 2350 2475 4175
      vertex 1300 2525 4175
    endloop
  endfacet
  facet normal 0 0 1
    outer loop
      vertex 50 2450 4175
      vertex 2350 2475 4175
      vertex 1300 2475 4175
    endloop
  endfacet
  facet normal 0 0 1
    outer loop
      vertex 50 2450 4175
      vertex 1300 2475 4175
      vertex 1200 2475 4175
    endloop
  endfacet
  facet normal 0 0 1
    outer loop
      vertex 150 2475 4175
      vertex 1200 2475 4175
      vertex 150 2525 4175
    endloop
  endfacet
  facet normal 0 0 1
    outer loop
      vertex 50 2450 4175
      vertex 1200 2475 4175
      vertex 150 2475 4175
    endloop
  endfacet
  facet normal 0 0 1
    outer loop
      vertex 50 2450 4175
      vertex 150 2475 4175
      vertex 50 2475 4175
    endloop
  endfacet
  facet normal 0 0 1
    outer loop
      vertex 2350 2475 4175
      vertex 50 2450 4175
      vertex 5950 2450 4175
    endloop
  endfacet
endsolid OpenSCAD_Model
